"시도교육청","교육지원청","지역","정보공시 학교코드","학교명","학교급코드","설립구분","제외여부","제외사유","1학년 학급수","1학년 학생수","1학년 학급당 학생수","2학년 학급수","2학년 학생수","2학년 학급당 학생수","3학년 학급수","3학년 학생수","3학년 학급당 학생수","4학년 학급수","4학년 학생수","4학년 학급당 학생수","5학년 학급수","5학년 학생수","5학년 학급당 학생수","6학년 학급수","6학년 학생수","6학년 학급당 학생수","특수학급 학급수","특수학급 학생수","특수학급 학급당 학생수","순회학급 학급수","순회학급 학생수","순회학급 학급당 학생수","학급수(계)","학생수(계)","학급당 학생수(계)","교사수","수업교원 1인당 학생수"
"전북특별자치도교육청","전북특별자치도군산교육지원청","전북특별자치도 군산시","S000003522","전주교육대학교군산부설초등학교","02","국립","N","","3","59","19.7","3","58","19.3","3","59","19.7","3","71","23.7","3","72","24","3","68","22.7","1","5","5","0","0","0","19","392","20.6","23","17"
"전북특별자치도교육청","전북특별자치도전주교육지원청","전북특별자치도 전주시 완산구","S000003525","전주교육대학교전주부설초등학교","02","국립","N","","3","60","20","3","57","19","3","60","20","3","72","24","3","72","24","3","68","22.7","1","6","6","0","0","0","19","395","20.8","22","18"
"전북특별자치도교육청","전북특별자치도고창교육지원청","전북특별자치도 고창군","S130000480","가평초등학교","02","공립","N","","1","3","3","1","1","1","1","10","10","1","5","5","1","7","7","1","4","4","0","0","0","0","0","0","6","30","5","7","4.3"
"전북특별자치도교육청","전북특별자치도고창교육지원청","전북특별자치도 고창군","S130000481","고수초등학교","02","공립","N","","1","9","9","1","8","8","1","6","6","1","7","7","1","11","11","1","5","5","1","3","3","0","0","0","7","49","7","8","6.1"
"전북특별자치도교육청","전북특별자치도고창교육지원청","전북특별자치도 고창군","S130000482","고창남초등학교","02","공립","N","","2","25","12.5","2","27","13.5","2","32","16","2","38","19","2","40","20","2","46","23","1","5","5","0","0","0","13","213","16.4","17","12.5"
"전북특별자치도교육청","전북특별자치도고창교육지원청","전북특별자치도 고창군","S130000484","고창초등학교","02","공립","N","","6","110","18.3","6","115","19.2","7","124","17.7","6","147","24.5","6","143","23.8","6","150","25","2","9","4.5","0","0","0","39","798","20.5","47","17"
"전북특별자치도교육청","전북특별자치도고창교육지원청","전북특별자치도 고창군","S130000485","공음초등학교","02","공립","N","","1","2","2","0","0","0","0","0","0","1","2","2","1","2","2","1","3","3","1","1","1","0","0","0","5","10","2","6","1.7"
"전북특별자치도교육청","전북특별자치도고창교육지원청","전북특별자치도 고창군","S130000486","대산초등학교","02","공립","N","","1","6","6","0","0","0","0","0","0","0","0","0","1","1","1","1","5","5","0","0","0","0","0","0","3","12","4","4","3"
"전북특별자치도교육청","전북특별자치도고창교육지원청","전북특별자치도 고창군","S130000487","대아초등학교","02","공립","N","","1","4","4","1","3","3","1","5","5","1","4","4","1","9","9","1","5","5","0","0","0","0","0","0","6","30","5","7","4.3"
"전북특별자치도교육청","전북특별자치도고창교육지원청","전북특별자치도 고창군","S130000489","동호초등학교","02","공립","N","","0","0","0","0","0","0","1","5","5","0","0","0","1","5","5","1","6","6","0","0","0","0","0","0","3","16","5.3","4","4"
"전북특별자치도교육청","전북특별자치도고창교육지원청","전북특별자치도 고창군","S130000490","매산초등학교","02","공립","N","","1","2","2","1","1","1","1","2","2","1","5","5","1","7","7","1","2","2","0","0","0","0","0","0","6","19","3.2","7","2.7"
"전북특별자치도교육청","전북특별자치도고창교육지원청","전북특별자치도 고창군","S130000491","무장초등학교","02","공립","N","","1","7","7","1","2","2","1","6","6","1","8","8","1","13","13","1","6","6","1","2","2","0","0","0","7","44","6.3","8","5.5"
"전북특별자치도교육청","전북특별자치도고창교육지원청","전북특별자치도 고창군","S130000492","봉암초등학교","02","공립","N","","1","2","2","0","0","0","0","0","0","1","7","7","0","0","0","0","0","0","0","0","0","0","0","0","2","9","4.5","3","3"
"전북특별자치도교육청","전북특별자치도고창교육지원청","전북특별자치도 고창군","S130000493","고창부안초등학교","02","공립","N","","1","3","3","1","2","2","1","1","1","1","3","3","1","4","4","1","4","4","1","1","1","0","0","0","7","18","2.6","8","2.3"
"전북특별자치도교육청","전북특별자치도고창교육지원청","전북특별자치도 고창군","S130000495","상하초등학교","02","공립","N","","1","1","1","0","0","0","1","2","2","1","6","6","1","8","8","1","2","2","1","1","1","0","0","0","6","20","3.3","6","3.3"
"전북특별자치도교육청","전북특별자치도고창교육지원청","전북특별자치도 고창군","S130000500","성내초등학교","02","공립","N","","1","2","2","1","2","2","1","2","2","1","1","1","1","3","3","1","6","6","1","2","2","0","0","0","7","18","2.6","8","2.3"
"전북특별자치도교육청","전북특별자치도고창교육지원청","전북특별자치도 고창군","S130000501","성송초등학교","02","공립","N","","1","5","5","0","0","0","1","5","5","1","2","2","1","5","5","1","2","2","1","1","1","0","0","0","6","20","3.3","8","2.5"
"전북특별자치도교육청","전북특별자치도고창교육지원청","전북특별자치도 고창군","S130000502","신림초등학교","02","공립","N","","1","0","0","1","7","7","1","5","5","1","5","5","1","7","7","1","5","5","1","4","4","0","0","0","7","33","4.7","9","3.7"
"전북특별자치도교육청","전북특별자치도고창교육지원청","전북특별자치도 고창군","S130000504","심원초등학교","02","공립","N","","1","4","4","1","7","7","1","7","7","1","8","8","1","9","9","1","3","3","0","0","0","0","0","0","6","38","6.3","7","5.4"
"전북특별자치도교육청","전북특별자치도고창교육지원청","전북특별자치도 고창군","S130000505","아산초등학교","02","공립","N","","0","0","0","1","2","2","1","2","2","1","4","4","1","3","3","1","3","3","1","2","2","0","0","0","6","16","2.7","7","2.3"
"전북특별자치도교육청","전북특별자치도고창교육지원청","전북특별자치도 고창군","S130000510","해리초등학교","02","공립","N","","1","3","3","1","1","1","1","2","2","1","0","0","1","4","4","1","2","2","1","4","4","0","0","0","7","16","2.3","9","1.8"
"전북특별자치도교육청","전북특별자치도고창교육지원청","전북특별자치도 고창군","S130000512","흥덕초등학교","02","공립","N","","1","10","10","1","8","8","1","3","3","1","9","9","1","10","10","1","9","9","1","5","5","0","0","0","7","54","7.7","8","6.8"
"전북특별자치도교육청","전북특별자치도군산교육지원청","전북특별자치도 군산시","S130000571","개정초등학교","02","공립","N","","1","5","5","1","13","13","1","14","14","1","13","13","1","14","14","1","19","19","0","0","0","0","0","0","6","78","13","8","9.8"
"전북특별자치도교육청","전북특별자치도군산교육지원청","전북특별자치도 군산시","S130000574","군산경포초등학교","02","공립","N","","5","85","17","4","73","18.3","4","70","17.5","4","90","22.5","3","76","25.3","4","92","23","1","6","6","0","0","0","25","492","19.7","29","17"
"전북특별자치도교육청","전북특별자치도군산교육지원청","전북특별자치도 군산시","S130000575","군산구암초등학교","02","공립","N","","3","38","12.7","3","44","14.7","3","48","16","3","53","17.7","3","56","18.7","2","45","22.5","2","12","6","0","0","0","19","296","15.6","23","12.9"
"전북특별자치도교육청","전북특별자치도군산교육지원청","전북특별자치도 군산시","S130000576","군산금광초등학교","02","공립","N","","1","7","7","1","8","8","1","10","10","1","9","9","1","11","11","1","13","13","0","0","0","0","0","0","6","58","9.7","7","8.3"
"전북특별자치도교육청","전북특별자치도군산교육지원청","전북특별자치도 군산시","S130000577","군산나운초등학교","02","공립","N","","2","21","10.5","2","26","13","2","28","14","2","39","19.5","2","39","19.5","2","32","16","1","6","6","0","0","0","13","191","14.7","16","11.9"
"전북특별자치도교육청","전북특별자치도군산교육지원청","전북특별자치도 군산시","S130000578","군산남초등학교","02","공립","N","","1","9","9","1","4","4","1","7","7","1","16","16","1","18","18","1","24","24","2","10","5","0","0","0","8","88","11","10","8.8"
"전북특별자치도교육청","전북특별자치도군산교육지원청","전북특별자치도 군산시","S130000579","군산내흥초등학교","02","공립","N","","1","10","10","1","10","10","1","9","9","1","11","11","1","10","10","1","8","8","0","0","0","0","0","0","6","58","9.7","7","8.3"
"전북특별자치도교육청","전북특별자치도군산교육지원청","전북특별자치도 군산시","S130000580","군산동초등학교","02","공립","N","","3","53","17.7","4","71","17.8","4","72","18","4","90","22.5","3","76","25.3","4","105","26.3","2","11","5.5","0","0","0","24","478","19.9","29","16.5"
"전북특별자치도교육청","전북특별자치도군산교육지원청","전북특별자치도 군산시","S130000581","군산문화초등학교","02","공립","N","","1","15","15","1","19","19","1","13","13","1","23","23","2","31","15.5","2","27","13.5","2","9","4.5","0","0","0","10","137","13.7","13","10.5"
"전북특별자치도교육청","전북특별자치도군산교육지원청","전북특별자치도 군산시","S130000582","군산산북초등학교","02","공립","N","","2","27","13.5","3","45","15","2","39","19.5","3","57","19","3","65","21.7","3","68","22.7","2","12","6","0","0","0","18","313","17.4","22","14.2"
"전북특별자치도교육청","전북특별자치도군산교육지원청","전북특별자치도 군산시","S130000583","군산서초등학교","02","공립","N","","1","11","11","1","11","11","1","17","17","1","16","16","1","17","17","1","20","20","1","6","6","0","0","0","7","98","14","9","10.9"
"전북특별자치도교육청","전북특별자치도군산교육지원청","전북특별자치도 군산시","S130000584","군산서해초등학교","02","공립","N","","4","63","15.8","4","64","16","5","83","16.6","5","113","22.6","5","111","22.2","5","121","24.2","1","6","6","0","0","0","29","561","19.3","34","16.5"
"전북특별자치도교육청","전북특별자치도군산교육지원청","전북특별자치도 군산시","S130000585","소룡초등학교","02","공립","N","","2","38","19","3","56","18.7","3","50","16.7","3","56","18.7","3","74","24.7","4","80","20","3","14","4.7","0","0","0","21","368","17.5","23","16"
"전북특별자치도교육청","전북특별자치도군산교육지원청","전북특별자치도 군산시","S130000586","군산수송초등학교","02","공립","N","","2","31","15.5","2","36","18","3","41","13.7","3","62","20.7","3","59","19.7","3","56","18.7","1","5","5","0","0","0","17","290","17.1","20","14.5"
"전북특별자치도교육청","전북특별자치도군산교육지원청","전북특별자치도 군산시","S130000587","군산신흥초등학교","02","공립","N","","2","30","15","3","45","15","3","50","16.7","3","71","23.7","3","68","22.7","3","72","24","1","5","5","0","0","0","18","341","18.9","21","16.2"
"전북특별자치도교육청","전북특별자치도군산교육지원청","전북특별자치도 군산시","S130000588","군산용문초등학교","02","공립","N","","3","44","14.7","5","85","17","4","80","20","4","104","26","4","93","23.3","5","113","22.6","0","0","0","0","0","0","25","519","20.8","31","16.7"
"전북특별자치도교육청","전북특별자치도군산교육지원청","전북특별자치도 군산시","S130000589","군산월명초등학교","02","공립","N","","4","76","19","4","85","21.3","6","102","17","6","140","23.3","5","134","26.8","5","118","23.6","1","4","4","0","0","0","31","659","21.3","37","17.8"
"전북특별자치도교육청","전북특별자치도군산교육지원청","전북특별자치도 군산시","S130000590","군산중앙초등학교","02","공립","N","","2","37","18.5","3","40","13.3","3","46","15.3","2","50","25","1","22","22","2","39","19.5","1","6","6","0","0","0","14","240","17.1","16","15"
"전북특별자치도교육청","전북특별자치도군산교육지원청","전북특별자치도 군산시","S130000591","군산지곡초등학교","02","공립","N","","3","54","18","3","51","17","4","72","18","3","65","21.7","3","55","18.3","3","79","26.3","1","6","6","0","0","0","20","382","19.1","24","15.9"
"전북특별자치도교육청","전북특별자치도군산교육지원청","전북특별자치도 군산시","S130000592","군산초등학교","02","공립","N","","5","92","18.4","6","109","18.2","7","133","19","6","152","25.3","6","153","25.5","5","129","25.8","1","4","4","0","0","0","36","772","21.4","43","18"
"전북특별자치도교육청","전북특별자치도군산교육지원청","전북특별자치도 군산시","S130000593","군산풍문초등학교","02","공립","N","","2","26","13","2","36","18","3","47","15.7","2","33","16.5","3","52","17.3","2","35","17.5","1","5","5","0","0","0","15","234","15.6","18","13"
"전북특별자치도교육청","전북특별자치도군산교육지원청","전북특별자치도 군산시","S130000594","해성초등학교","02","공립","N","","1","2","2","1","7","7","0","0","0","0","0","0","0","0","0","1","5","5","1","6","6","0","0","0","4","20","5","6","3.3"
"전북특별자치도교육청","전북특별자치도군산교육지원청","전북특별자치도 군산시","S130000595","군산흥남초등학교","02","공립","N","","1","16","16","1","13","13","2","28","14","1","24","24","1","26","26","2","44","22","1","6","6","0","0","0","9","157","17.4","14","11.2"
"전북특별자치도교육청","전북특별자치도군산교육지원청","전북특별자치도 군산시","S130000598","나포초등학교","02","공립","N","","1","2","2","1","0","0","1","4","4","1","5","5","1","6","6","1","3","3","1","5","5","0","0","0","7","25","3.6","8","3.1"
"전북특별자치도교육청","전북특별자치도군산교육지원청","전북특별자치도 군산시","S130000599","당북초등학교","02","공립","N","","3","44","14.7","3","45","15","3","56","18.7","2","46","23","3","57","19","4","75","18.8","2","12","6","0","0","0","20","335","16.8","23","14.6"
"전북특별자치도교육청","전북특별자치도군산교육지원청","전북특별자치도 군산시","S130000600","대야남초등학교","02","공립","N","","1","4","4","1","3","3","1","5","5","1","3","3","1","1","1","1","3","3","0","0","0","0","0","0","6","19","3.2","7","2.7"
"전북특별자치도교육청","전북특별자치도군산교육지원청","전북특별자치도 군산시","S130000601","대야초등학교","02","공립","N","","1","9","9","1","6","6","1","17","17","1","17","17","1","16","16","1","15","15","0","0","0","0","0","0","6","80","13.3","7","11.4"
"전북특별자치도교육청","전북특별자치도군산교육지원청","전북특별자치도 군산시","S130000604","무녀도초등학교","02","공립","N","","0","0","0","0","0","0","0","0","0","1","1","1","1","3","3","1","1","1","0","0","0","0","0","0","3","5","1.7","4","1.3"
"전북특별자치도교육청","전북특별자치도군산교육지원청","전북특별자치도 군산시","S130000605","문창초등학교","02","공립","N","","1","9","9","1","9","9","0","0","0","1","8","8","1","9","9","1","13","13","1","3","3","0","0","0","6","51","8.5","7","7.3"
"전북특별자치도교육청","전북특별자치도군산교육지원청","전북특별자치도 군산시","S130000606","미룡초등학교","02","공립","N","","1","10","10","1","6","6","0","0","0","1","7","7","1","13","13","1","12","12","1","6","6","0","0","0","6","54","9","8","6.8"
"전북특별자치도교육청","전북특별자치도군산교육지원청","전북특별자치도 군산시","S130000607","발산초등학교","02","공립","N","","1","7","7","0","0","0","1","5","5","0","0","0","1","6","6","1","3","3","0","0","0","0","0","0","4","21","5.3","6","3.5"
"전북특별자치도교육청","전북특별자치도군산교육지원청","전북특별자치도 군산시","S130000610","서수초등학교","02","공립","N","","1","4","4","1","2","2","1","10","10","1","4","4","1","10","10","1","3","3","0","0","0","0","0","0","6","33","5.5","7","4.7"
"전북특별자치도교육청","전북특별자치도군산교육지원청","전북특별자치도 군산시","S130000613","성산초등학교","02","공립","N","","1","7","7","1","0","0","1","5","5","1","3","3","1","9","9","1","8","8","1","5","5","0","0","0","7","37","5.3","8","4.6"
"전북특별자치도교육청","전북특별자치도군산교육지원청","전북특별자치도 군산시","S130000615","술산초등학교","02","공립","N","","0","0","0","0","0","0","0","0","0","1","4","4","1","4","4","1","6","6","0","0","0","0","0","0","3","14","4.7","5","2.8"
"전북특별자치도교육청","전북특별자치도군산교육지원청","전북특별자치도 군산시","S130000618","군산신풍초등학교","02","공립","N","","2","34","17","2","23","11.5","2","38","19","2","40","20","2","41","20.5","2","43","21.5","0","0","0","0","0","0","12","219","18.3","15","14.6"
"전북특별자치도교육청","전북특별자치도군산교육지원청","전북특별자치도 군산시","S130000621","오봉초등학교","02","공립","N","","1","6","6","1","7","7","1","6","6","1","6","6","0","0","0","1","6","6","0","0","0","0","0","0","5","31","6.2","7","4.4"
"전북특별자치도교육청","전북특별자치도군산교육지원청","전북특별자치도 군산시","S130000622","옥구초등학교","02","공립","N","","1","13","13","1","13","13","1","17","17","1","17","17","1","14","14","1","18","18","1","6","6","0","0","0","7","98","14","7","14"
"전북특별자치도교육청","전북특별자치도군산교육지원청","전북특별자치도 군산시","S130000623","옥봉초등학교","02","공립","N","","1","4","4","1","11","11","1","4","4","1","11","11","1","3","3","1","6","6","0","0","0","0","0","0","6","39","6.5","7","5.6"
"전북특별자치도교육청","전북특별자치도군산교육지원청","전북특별자치도 군산시","S130000624","옥산초등학교","02","공립","N","","1","13","13","1","3","3","1","6","6","1","3","3","1","8","8","1","5","5","1","5","5","0","0","0","7","43","6.1","8","5.4"
"전북특별자치도교육청","전북특별자치도군산교육지원청","전북특별자치도 군산시","S130000626","임피초등학교","02","공립","N","","1","5","5","1","8","8","1","9","9","1","8","8","1","6","6","1","8","8","1","4","4","0","0","0","7","48","6.9","8","6"
"전북특별자치도교육청","전북특별자치도군산교육지원청","전북특별자치도 군산시","S130000627","창오초등학교","02","공립","N","","1","6","6","0","0","0","0","0","0","1","4","4","1","4","4","0","0","0","0","0","0","0","0","0","3","14","4.7","4","3.5"
"전북특별자치도교육청","전북특별자치도군산교육지원청","전북특별자치도 군산시","S130000629","회현초등학교","02","공립","N","","1","12","12","1","10","10","1","16","16","2","24","12","1","23","23","2","35","17.5","1","6","6","0","0","0","9","126","14","13","9.7"
"전북특별자치도교육청","전북특별자치도김제교육지원청","전북특별자치도 김제시","S130000700","공덕초등학교","02","공립","N","","1","3","3","1","2","2","1","1","1","1","5","5","1","3","3","1","5","5","1","1","1","0","0","0","7","20","2.9","8","2.5"
"전북특별자치도교육청","전북특별자치도김제교육지원청","전북특별자치도 김제시","S130000701","광활초등학교","02","공립","N","","1","5","5","1","2","2","1","2","2","1","3","3","1","2","2","1","5","5","0","0","0","0","0","0","6","19","3.2","7","2.7"
"전북특별자치도교육청","전북특별자치도김제교육지원청","전북특별자치도 김제시","S130000702","금구초등학교","02","공립","N","","1","11","11","1","10","10","1","12","12","1","17","17","1","15","15","1","12","12","1","1","1","0","0","0","7","78","11.1","8","9.8"
"전북특별자치도교육청","전북특별자치도김제교육지원청","전북특별자치도 김제시","S130000704","금산초등학교","02","공립","N","","1","1","1","0","0","0","0","0","0","1","4","4","0","0","0","1","3","3","0","0","0","0","0","0","3","8","2.7","5","1.6"
"전북특별자치도교육청","전북특별자치도김제교육지원청","전북특별자치도 김제시","S130000705","김제검산초등학교","02","공립","N","","4","72","18","6","109","18.2","5","90","18","5","113","22.6","5","113","22.6","5","126","25.2","1","6","6","0","0","0","31","629","20.3","40","15.7"
"전북특별자치도교육청","전북특별자치도김제교육지원청","전북특별자치도 김제시","S130000706","김제동초등학교","02","공립","N","","3","46","15.3","3","55","18.3","4","78","19.5","3","74","24.7","4","83","20.8","3","63","21","2","12","6","0","0","0","22","411","18.7","28","14.7"
"전북특별자치도교육청","전북특별자치도김제교육지원청","전북특별자치도 김제시","S130000707","김제북초등학교","02","공립","N","","1","9","9","1","7","7","1","11","11","1","12","12","1","8","8","1","5","5","1","6","6","0","0","0","7","58","8.3","8","7.3"
"전북특별자치도교육청","전북특별자치도김제교육지원청","전북특별자치도 김제시","S130000708","김제중앙초등학교","02","공립","N","","3","50","16.7","3","40","13.3","3","50","16.7","2","47","23.5","3","58","19.3","3","55","18.3","1","5","5","0","0","0","18","305","16.9","22","13.9"
"전북특별자치도교육청","전북특별자치도김제교육지원청","전북특별자치도 김제시","S130000710","김제초등학교","02","공립","N","","2","31","15.5","2","32","16","2","26","13","2","45","22.5","2","34","17","2","41","20.5","2","12","6","0","0","0","14","221","15.8","17","13"
"전북특별자치도교육청","전북특별자치도김제교육지원청","전북특별자치도 김제시","S130000711","난산초등학교","02","공립","N","","1","6","6","1","3","3","1","7","7","1","6","6","0","0","0","1","5","5","1","3","3","0","0","0","6","30","5","7","4.3"
"전북특별자치도교육청","전북특별자치도김제교육지원청","전북특별자치도 김제시","S130000712","남양초등학교","02","공립","N","","1","1","1","1","2","2","1","3","3","1","3","3","1","2","2","1","3","3","1","2","2","0","0","0","7","16","2.3","8","2"
"전북특별자치도교육청","전북특별자치도김제교육지원청","전북특별자치도 김제시","S130000713","만경초등학교","02","공립","N","","1","5","5","1","2","2","1","4","4","1","6","6","1","13","13","1","7","7","1","4","4","0","0","0","7","41","5.9","8","5.1"
"전북특별자치도교육청","전북특별자치도김제교육지원청","전북특별자치도 김제시","S130000715","백구초등학교","02","공립","N","","1","3","3","1","1","1","1","4","4","0","0","0","1","3","3","1","3","3","0","0","0","0","0","0","5","14","2.8","7","2"
"전북특별자치도교육청","전북특별자치도김제교육지원청","전북특별자치도 김제시","S130000716","백석초등학교","02","공립","N","","1","7","7","1","15","15","1","15","15","1","11","11","1","11","11","1","18","18","1","6","6","0","0","0","7","83","11.9","9","9.2"
"전북특별자치도교육청","전북특별자치도김제교육지원청","전북특별자치도 김제시","S130000717","벽량초등학교","02","공립","N","","1","3","3","1","5","5","1","6","6","1","3","3","1","2","2","1","4","4","0","0","0","0","0","0","6","23","3.8","7","3.3"
"전북특별자치도교육청","전북특별자치도김제교육지원청","전북특별자치도 김제시","S130000719","봉남초등학교","02","공립","N","","1","4","4","1","3","3","1","8","8","1","3","3","1","3","3","1","9","9","1","6","6","0","0","0","7","36","5.1","8","4.5"
"전북특별자치도교육청","전북특별자치도김제교육지원청","전북특별자치도 김제시","S130000720","부용초등학교","02","공립","N","","0","0","0","0","0","0","0","0","0","0","0","0","1","2","2","1","6","6","1","1","1","0","0","0","3","9","3","8","1.1"
"전북특별자치도교육청","전북특별자치도김제교육지원청","전북특별자치도 김제시","S130000721","비룡초등학교","02","공립","N","","1","1","1","1","3","3","1","3","3","1","1","1","1","1","1","0","0","0","0","0","0","0","0","0","5","9","1.8","7","1.3"
"전북특별자치도교육청","전북특별자치도김제교육지원청","전북특별자치도 김제시","S130000722","성덕초등학교","02","공립","N","","1","2","2","1","2","2","1","3","3","1","2","2","1","4","4","1","6","6","0","0","0","0","0","0","6","19","3.2","7","2.7"
"전북특별자치도교육청","전북특별자치도김제교육지원청","전북특별자치도 김제시","S130000727","용동초등학교","02","공립","N","","0","0","0","1","1","1","1","2","2","1","4","4","1","6","6","1","2","2","1","2","2","0","0","0","6","17","2.8","7","2.4"
"전북특별자치도교육청","전북특별자치도김제교육지원청","전북특별자치도 김제시","S130000729","용지초등학교","02","공립","N","","1","4","4","1","3","3","1","6","6","1","3","3","1","7","7","1","5","5","1","1","1","0","0","0","7","29","4.1","8","3.6"
"전북특별자치도교육청","전북특별자치도김제교육지원청","전북특별자치도 김제시","S130000730","원평초등학교","02","공립","N","","0","0","0","1","5","5","1","6","6","1","12","12","1","12","12","1","15","15","1","4","4","0","0","0","6","54","9","7","7.7"
"전북특별자치도교육청","전북특별자치도김제교육지원청","전북특별자치도 김제시","S130000732","월성초등학교","02","공립","N","","1","9","9","1","5","5","1","7","7","1","3","3","1","6","6","1","9","9","0","0","0","0","0","0","6","39","6.5","8","4.9"
"전북특별자치도교육청","전북특별자치도김제교육지원청","전북특별자치도 김제시","S130000733","월촌초등학교","02","공립","N","","1","12","12","1","13","13","1","15","15","1","11","11","1","9","9","1","12","12","0","0","0","0","0","0","6","72","12","7","10.3"
"전북특별자치도교육청","전북특별자치도김제교육지원청","전북특별자치도 김제시","S130000734","종정초등학교","02","공립","N","","1","6","6","1","2","2","1","13","13","1","11","11","1","10","10","1","2","2","0","0","0","0","0","0","6","44","7.3","7","6.3"
"전북특별자치도교육청","전북특별자치도김제교육지원청","전북특별자치도 김제시","S130000736","죽산초등학교","02","공립","N","","1","1","1","1","1","1","1","3","3","1","3","3","1","7","7","1","3","3","1","6","6","0","0","0","7","24","3.4","8","3"
"전북특별자치도교육청","전북특별자치도김제교육지원청","전북특별자치도 김제시","S130000737","진봉초등학교","02","공립","N","","1","0","0","0","0","0","0","0","0","1","0","0","1","1","1","1","2","2","1","4","4","0","0","0","5","7","1.4","7","1"
"전북특별자치도교육청","전북특별자치도김제교육지원청","전북특별자치도 김제시","S130000738","청운초등학교","02","공립","N","","1","11","11","1","7","7","1","16","16","1","2","2","1","10","10","1","8","8","1","2","2","0","0","0","7","56","8","9","6.2"
"전북특별자치도교육청","전북특별자치도김제교육지원청","전북특별자치도 김제시","S130000740","청하초등학교","02","공립","N","","1","1","1","1","1","1","1","1","1","1","2","2","1","4","4","1","1","1","1","2","2","0","0","0","7","12","1.7","8","1.5"
"전북특별자치도교육청","전북특별자치도김제교육지원청","전북특별자치도 김제시","S130000741","초처초등학교","02","공립","N","","0","0","0","0","0","0","0","0","0","1","4","4","1","5","5","1","3","3","0","0","0","0","0","0","3","12","4","5","2.4"
"전북특별자치도교육청","전북특별자치도김제교육지원청","전북특별자치도 김제시","S130000742","치문초등학교","02","공립","N","","1","2","2","1","9","9","0","0","0","1","4","4","1","2","2","1","2","2","1","1","1","0","0","0","6","20","3.3","7","2.9"
"전북특별자치도교육청","전북특별자치도김제교육지원청","전북특별자치도 김제시","S130000743","황강초등학교","02","공립","N","","1","2","2","0","0","0","0","0","0","0","0","0","1","4","4","1","4","4","0","0","0","0","0","0","3","10","3.3","5","2"
"전북특별자치도교육청","전북특별자치도김제교육지원청","전북특별자치도 김제시","S130000744","황산초등학교","02","공립","N","","1","6","6","1","4","4","1","2","2","1","8","8","1","1","1","1","4","4","1","6","6","0","0","0","7","31","4.4","8","3.9"
"전북특별자치도교육청","전북특별자치도남원교육지원청","전북특별자치도 남원시","S130000805","남원교룡초등학교","02","공립","N","","2","22","11","1","18","18","2","27","13.5","2","26","13","2","35","17.5","2","27","13.5","1","4","4","0","0","0","12","159","13.3","15","10.6"
"전북특별자치도교육청","전북특별자치도남원교육지원청","전북특별자치도 남원시","S130000806","금지동초등학교","02","공립","N","","0","0","0","0","0","0","0","0","0","0","0","0","1","3","3","0","0","0","1","1","1","0","0","0","2","4","2","3","1.3"
"전북특별자치도교육청","전북특별자치도남원교육지원청","전북특별자치도 남원시","S130000807","금지초등학교","02","공립","N","","1","4","4","1","0","0","1","1","1","1","4","4","1","2","2","1","2","2","1","2","2","0","0","0","7","15","2.1","8","1.9"
"전북특별자치도교육청","전북특별자치도남원교육지원청","전북특별자치도 남원시","S130000809","남원노암초등학교","02","공립","N","","2","31","15.5","2","30","15","2","34","17","2","39","19.5","2","38","19","1","24","24","1","5","5","0","0","0","12","201","16.8","16","12.6"
"전북특별자치도교육청","전북특별자치도남원교육지원청","전북특별자치도 남원시","S130000810","남원도통초등학교","02","공립","N","","3","58","19.3","4","68","17","4","63","15.8","3","67","22.3","3","67","22.3","3","66","22","1","6","6","0","0","0","21","395","18.8","25","15.8"
"전북특별자치도교육청","전북특별자치도남원교육지원청","전북특별자치도 남원시","S130000813","산내초등학교","02","공립","N","","1","2","2","1","4","4","1","9","9","1","15","15","1","6","6","1","9","9","1","2","2","0","0","0","7","47","6.7","7","6.7"
"전북특별자치도교육청","전북특별자치도남원교육지원청","전북특별자치도 남원시","S130000814","남원서원초등학교","02","공립","N","","1","11","11","1","7","7","1","9","9","1","7","7","1","12","12","1","4","4","0","0","0","0","0","0","6","50","8.3","7","7.1"
"전북특별자치도교육청","전북특별자치도남원교육지원청","전북특별자치도 남원시","S130000817","남원왕치초등학교","02","공립","N","","1","5","5","1","4","4","1","12","12","1","7","7","1","9","9","1","7","7","1","1","1","0","0","0","7","45","6.4","8","5.6"
"전북특별자치도교육청","전북특별자치도남원교육지원청","전북특별자치도 남원시","S130000818","남원월락초등학교","02","공립","N","","4","71","17.8","5","90","18","5","96","19.2","4","85","21.3","3","77","25.7","4","92","23","1","5","5","0","0","0","26","516","19.8","31","16.6"
"전북특별자치도교육청","전북특별자치도남원교육지원청","전북특별자치도 남원시","S130000819","남원중앙초등학교","02","공립","N","","2","23","11.5","2","30","15","2","38","19","2","33","16.5","2","39","19.5","2","47","23.5","1","5","5","0","0","0","13","215","16.5","15","14.3"
"전북특별자치도교육청","전북특별자치도남원교육지원청","전북특별자치도 남원시","S130000820","남원초등학교","02","공립","N","","3","48","16","3","48","16","4","63","15.8","3","53","17.7","3","77","25.7","4","82","20.5","2","7","3.5","0","0","0","22","378","17.2","28","13.5"
"전북특별자치도교육청","전북특별자치도남원교육지원청","전북특별자치도 남원시","S130000822","대강초등학교","02","공립","N","","1","1","1","1","1","1","1","3","3","1","2","2","1","5","5","1","2","2","0","0","0","0","0","0","6","14","2.3","8","1.8"
"전북특별자치도교육청","전북특별자치도남원교육지원청","전북특별자치도 남원시","S130000823","남원대산초등학교","02","공립","N","","1","3","3","1","2","2","1","6","6","1","8","8","1","4","4","1","8","8","0","0","0","0","0","0","6","31","5.2","7","4.4"
"전북특별자치도교육청","전북특별자치도남원교육지원청","전북특별자치도 남원시","S130000824","덕과초등학교","02","공립","N","","1","6","6","1","7","7","1","8","8","1","7","7","1","10","10","1","9","9","0","0","0","0","0","0","6","47","7.8","8","5.9"
"전북특별자치도교육청","전북특별자치도남원교육지원청","전북특별자치도 남원시","S130000827","보절초등학교","02","공립","N","","1","1","1","1","3","3","1","1","1","1","4","4","1","2","2","1","5","5","0","0","0","0","0","0","6","16","2.7","7","2.3"
"전북특별자치도교육청","전북특별자치도남원교육지원청","전북특별자치도 남원시","S130000829","사매초등학교","02","공립","N","","1","3","3","1","7","7","1","5","5","1","7","7","1","7","7","1","9","9","0","0","0","0","0","0","6","38","6.3","7","5.4"
"전북특별자치도교육청","전북특별자치도남원교육지원청","전북특별자치도 남원시","S130000830","산동초등학교","02","공립","N","","1","1","1","1","2","2","1","6","6","0","0","0","1","6","6","1","3","3","0","0","0","0","0","0","5","18","3.6","7","2.6"
"전북특별자치도교육청","전북특별자치도남원교육지원청","전북특별자치도 남원시","S130000831","송동초등학교","02","공립","N","","1","5","5","0","0","0","1","1","1","1","1","1","1","2","2","1","6","6","1","2","2","0","0","0","6","17","2.8","7","2.4"
"전북특별자치도교육청","전북특별자치도남원교육지원청","전북특별자치도 남원시","S130000832","수지초등학교","02","공립","N","","1","6","6","1","5","5","1","7","7","1","4","4","1","8","8","1","1","1","0","0","0","0","0","0","6","31","5.2","8","3.9"
"전북특별자치도교육청","전북특별자치도남원교육지원청","전북특별자치도 남원시","S130000833","아영초등학교","02","공립","N","","1","2","2","1","6","6","1","4","4","1","10","10","1","8","8","1","6","6","1","2","2","0","0","0","7","38","5.4","8","4.8"
"전북특별자치도교육청","전북특별자치도남원교육지원청","전북특별자치도 남원시","S130000834","오동초등학교","02","공립","N","","1","4","4","1","13","13","1","10","10","1","7","7","1","11","11","1","16","16","0","0","0","0","0","0","6","61","10.2","7","8.7"
"전북특별자치도교육청","전북특별자치도남원교육지원청","전북특별자치도 남원시","S130000835","남원용성초등학교","02","공립","N","","1","10","10","1","17","17","2","24","12","2","27","13.5","2","40","20","1","24","24","1","5","5","0","0","0","10","147","14.7","13","11.3"
"전북특별자치도교육청","전북특별자치도남원교육지원청","전북특별자치도 남원시","S130000837","운봉초등학교","02","공립","N","","1","7","7","1","17","17","1","10","10","1","15","15","1","13","13","1","14","14","1","4","4","0","0","0","7","80","11.4","10","8"
"전북특별자치도교육청","전북특별자치도남원교육지원청","전북특별자치도 남원시","S130000840","원천초등학교","02","공립","N","","1","7","7","1","7","7","1","4","4","1","12","12","1","7","7","1","5","5","0","0","0","0","0","0","6","42","7","7","6"
"전북특별자치도교육청","전북특별자치도남원교육지원청","전북특별자치도 남원시","S130000841","이백초등학교","02","공립","N","","1","2","2","1","2","2","1","2","2","1","3","3","1","3","3","1","3","3","1","5","5","0","0","0","7","20","2.9","8","2.5"
"전북특별자치도교육청","전북특별자치도남원교육지원청","전북특별자치도 남원시","S130000842","인월초등학교","02","공립","N","","1","16","16","1","6","6","1","13","13","1","5","5","1","18","18","1","13","13","0","0","0","0","0","0","6","71","11.8","8","8.9"
"전북특별자치도교육청","전북특별자치도남원교육지원청","전북특별자치도 남원시","S130000845","주생초등학교","02","공립","N","","1","5","5","1","6","6","1","6","6","1","9","9","1","8","8","1","9","9","1","4","4","0","0","0","7","47","6.7","8","5.9"
"전북특별자치도교육청","전북특별자치도무주교육지원청","전북특별자치도 무주군","S130000893","괴목초등학교","02","공립","N","","0","0","0","1","2","2","1","8","8","1","3","3","1","6","6","1","5","5","0","0","0","0","0","0","5","24","4.8","6","4"
"전북특별자치도교육청","전북특별자치도무주교육지원청","전북특별자치도 무주군","S130000894","구천초등학교","02","공립","N","","1","8","8","1","5","5","1","5","5","1","5","5","1","5","5","1","11","11","1","3","3","0","0","0","7","42","6","8","5.3"
"전북특별자치도교육청","전북특별자치도무주교육지원청","전북특별자치도 무주군","S130000897","무주중앙초등학교","02","공립","N","","2","31","15.5","3","43","14.3","3","43","14.3","2","45","22.5","3","67","22.3","3","53","17.7","1","3","3","0","0","0","17","285","16.8","20","14.3"
"전북특별자치도교육청","전북특별자치도무주교육지원청","전북특별자치도 무주군","S130000898","무주초등학교","02","공립","N","","1","10","10","1","12","12","2","26","13","2","32","16","1","22","22","2","26","13","2","8","4","0","0","0","11","136","12.4","14","9.7"
"전북특별자치도교육청","전북특별자치도무주교육지원청","전북특별자치도 무주군","S130000899","무풍초등학교","02","공립","N","","0","0","0","0","0","0","1","2","2","1","1","1","1","4","4","1","1","1","1","2","2","0","0","0","5","10","2","7","1.4"
"전북특별자치도교육청","전북특별자치도무주교육지원청","전북특별자치도 무주군","S130000900","부남초등학교","02","공립","N","","1","1","1","1","2","2","1","1","1","1","1","1","1","1","1","1","1","1","1","2","2","0","0","0","7","9","1.3","9","1"
"전북특별자치도교육청","전북특별자치도무주교육지원청","전북특별자치도 무주군","S130000901","부당초등학교","02","공립","N","","0","0","0","0","0","0","0","0","0","0","0","0","0","0","0","1","1","1","0","0","0","0","0","0","1","1","1","2","0.5"
"전북특별자치도교육청","전북특별자치도무주교육지원청","전북특별자치도 무주군","S130000903","설천초등학교","02","공립","N","","1","6","6","1","6","6","1","11","11","1","13","13","1","6","6","1","15","15","1","2","2","0","0","0","7","59","8.4","8","7.4"
"전북특별자치도교육청","전북특별자치도무주교육지원청","전북특별자치도 무주군","S130000904","안성초등학교","02","공립","N","","1","5","5","1","8","8","1","5","5","1","14","14","1","9","9","1","9","9","1","5","5","0","0","0","7","55","7.9","8","6.9"
"전북특별자치도교육청","전북특별자치도무주교육지원청","전북특별자치도 무주군","S130000905","적상초등학교","02","공립","N","","1","1","1","1","4","4","1","2","2","1","5","5","1","3","3","1","2","2","0","0","0","0","0","0","6","17","2.8","7","2.4"
"전북특별자치도교육청","전북특별자치도부안교육지원청","전북특별자치도 부안군","S130000934","격포초등학교","02","공립","N","","1","6","6","1","7","7","1","7","7","1","8","8","1","12","12","1","11","11","1","2","2","0","0","0","7","53","7.6","8","6.6"
"전북특별자치도교육청","전북특별자치도부안교육지원청","전북특별자치도 부안군","S130000937","곰소초등학교","02","공립","N","","1","6","6","1","1","1","1","6","6","1","5","5","1","3","3","1","6","6","1","4","4","0","0","0","7","31","4.4","8","3.9"
"전북특별자치도교육청","전북특별자치도부안교육지원청","전북특별자치도 부안군","S130000941","동북초등학교","02","공립","N","","0","0","0","1","4","4","1","8","8","0","0","0","0","0","0","1","1","1","0","0","0","0","0","0","3","13","4.3","5","2.6"
"전북특별자치도교육청","전북특별자치도부안교육지원청","전북특별자치도 부안군","S130000944","동진초등학교","02","공립","N","","1","1","1","1","2","2","1","6","6","1","3","3","1","3","3","1","3","3","1","6","6","0","0","0","7","24","3.4","8","3"
"전북특별자치도교육청","전북특별자치도부안교육지원청","전북특별자치도 부안군","S130000947","백룡초등학교","02","공립","N","","0","0","0","0","0","0","1","4","4","1","7","7","0","0","0","1","4","4","0","0","0","0","0","0","3","15","5","5","3"
"전북특별자치도교육청","전북특별자치도부안교육지원청","전북특별자치도 부안군","S130000948","백산초등학교","02","공립","N","","1","6","6","1","5","5","1","8","8","1","6","6","1","4","4","1","7","7","1","6","6","0","0","0","7","42","6","8","5.3"
"전북특별자치도교육청","전북특별자치도부안교육지원청","전북특별자치도 부안군","S130000949","변산초등학교","02","공립","N","","1","6","6","1","4","4","1","4","4","0","0","0","1","7","7","1","9","9","1","4","4","0","0","0","6","34","5.7","6","5.7"
"전북특별자치도교육청","전북특별자치도부안교육지원청","전북특별자치도 부안군","S130000952","부안남초등학교","02","공립","N","","1","7","7","1","5","5","1","8","8","1","9","9","1","10","10","1","6","6","1","5","5","0","0","0","7","50","7.1","9","5.6"
"전북특별자치도교육청","전북특별자치도부안교육지원청","전북특별자치도 부안군","S130000953","부안동초등학교","02","공립","N","","4","66","16.5","6","108","18","6","102","17","5","113","22.6","5","116","23.2","6","137","22.8","1","6","6","0","0","0","33","648","19.6","40","16.2"
"전북특별자치도교육청","전북특별자치도부안교육지원청","전북특별자치도 부안군","S130000954","부안초등학교","02","공립","N","","2","24","12","2","32","16","2","37","18.5","2","34","17","2","41","20.5","2","42","21","1","6","6","0","0","0","13","216","16.6","17","12.7"
"전북특별자치도교육청","전북특별자치도부안교육지원청","전북특별자치도 부안군","S130000955","상서초등학교","02","공립","N","","0","0","0","0","0","0","1","3","3","0","0","0","0","0","0","1","2","2","0","0","0","0","0","0","2","5","2.5","2","2.5"
"전북특별자치도교육청","전북특별자치도부안교육지원청","전북특별자치도 부안군","S130000956","영전초등학교","02","공립","N","","1","1","1","1","1","1","1","3","3","1","3","3","1","2","2","1","0","0","1","2","2","0","0","0","7","12","1.7","9","1.3"
"전북특별자치도교육청","전북특별자치도부안교육지원청","전북특별자치도 부안군","S130000957","우덕초등학교","02","공립","N","","1","2","2","1","1","1","1","0","0","1","4","4","1","6","6","1","2","2","1","2","2","0","0","0","7","17","2.4","8","2.1"
"전북특별자치도교육청","전북특별자치도부안교육지원청","전북특별자치도 부안군","S130000959","위도초등학교","02","공립","N","","1","1","1","1","3","3","1","5","5","1","3","3","1","1","1","1","6","6","0","0","0","0","0","0","6","19","3.2","7","2.7"
"전북특별자치도교육청","전북특별자치도부안교육지원청","전북특별자치도 부안군","S130000964","주산초등학교","02","공립","N","","1","3","3","1","0","0","1","2","2","1","2","2","0","0","0","1","4","4","1","3","3","0","0","0","6","14","2.3","8","1.8"
"전북특별자치도교육청","전북특별자치도부안교육지원청","전북특별자치도 부안군","S130000966","줄포초등학교","02","공립","N","","1","7","7","1","3","3","1","4","4","1","9","9","1","12","12","1","4","4","2","7","3.5","0","0","0","8","46","5.8","9","5.1"
"전북특별자치도교육청","전북특별자치도부안교육지원청","전북특별자치도 부안군","S130000967","창북초등학교","02","공립","N","","1","1","1","1","4","4","1","1","1","1","8","8","1","8","8","1","10","10","1","3","3","0","0","0","7","35","5","8","4.4"
"전북특별자치도교육청","전북특별자치도부안교육지원청","전북특별자치도 부안군","S130000968","하서초등학교","02","공립","N","","1","3","3","1","3","3","1","3","3","1","2","2","1","6","6","1","5","5","1","2","2","0","0","0","7","24","3.4","8","3"
"전북특별자치도교육청","전북특별자치도부안교육지원청","전북특별자치도 부안군","S130000969","행안초등학교","02","공립","N","","1","11","11","1","8","8","1","9","9","1","15","15","1","16","16","1","17","17","1","5","5","0","0","0","7","81","11.6","9","9"
"전북특별자치도교육청","전북특별자치도순창교육지원청","전북특별자치도 순창군","S130001009","구림초등학교","02","공립","N","","1","4","4","1","4","4","1","1","1","1","3","3","1","6","6","1","5","5","0","0","0","0","0","0","6","23","3.8","7","3.3"
"전북특별자치도교육청","전북특별자치도순창교육지원청","전북특별자치도 순창군","S130001010","금과초등학교","02","공립","N","","1","4","4","0","0","0","1","1","1","1","2","2","1","1","1","1","2","2","0","0","0","0","0","0","5","10","2","6","1.7"
"전북특별자치도교육청","전북특별자치도순창교육지원청","전북특별자치도 순창군","S130001013","동계초등학교","02","공립","N","","1","1","1","1","5","5","1","5","5","1","3","3","1","4","4","1","7","7","0","0","0","0","0","0","6","25","4.2","7","3.6"
"전북특별자치도교육청","전북특별자치도순창교육지원청","전북특별자치도 순창군","S130001014","동산초등학교","02","공립","N","","1","4","4","1","8","8","1","7","7","1","5","5","1","6","6","1","6","6","0","0","0","0","0","0","6","36","6","8","4.5"
"전북특별자치도교육청","전북특별자치도순창교육지원청","전북특별자치도 순창군","S130001015","복흥초등학교","02","공립","N","","1","5","5","1","3","3","1","5","5","1","4","4","1","7","7","1","4","4","1","1","1","0","0","0","7","29","4.1","8","3.6"
"전북특별자치도교육청","전북특별자치도순창교육지원청","전북특별자치도 순창군","S130001017","순창중앙초등학교","02","공립","N","","1","14","14","1","20","20","3","38","12.7","1","25","25","2","39","19.5","2","40","20","1","4","4","0","0","0","11","180","16.4","15","12"
"전북특별자치도교육청","전북특별자치도순창교육지원청","전북특별자치도 순창군","S130001018","순창초등학교","02","공립","N","","3","52","17.3","2","37","18.5","4","64","16","2","46","23","2","46","23","2","37","18.5","0","0","0","0","0","0","15","282","18.8","19","14.8"
"전북특별자치도교육청","전북특별자치도순창교육지원청","전북특별자치도 순창군","S130001019","시산초등학교","02","공립","N","","0","0","0","0","0","0","0","0","0","1","7","7","0","0","0","1","4","4","0","0","0","0","0","0","2","11","5.5","3","3.7"
"전북특별자치도교육청","전북특별자치도순창교육지원청","전북특별자치도 순창군","S130001020","쌍치초등학교","02","공립","N","","0","0","0","1","2","2","1","4","4","1","2","2","1","4","4","0","0","0","0","0","0","0","0","0","4","12","3","5","2.4"
"전북특별자치도교육청","전북특별자치도순창교육지원청","전북특별자치도 순창군","S130001022","옥천초등학교","02","공립","N","","1","5","5","1","4","4","0","0","0","1","7","7","1","6","6","1","8","8","1","6","6","0","0","0","6","36","6","7","5.1"
"전북특별자치도교육청","전북특별자치도순창교육지원청","전북특별자치도 순창군","S130001024","유등초등학교","02","공립","N","","1","7","7","1","4","4","1","3","3","1","4","4","1","5","5","1","5","5","0","0","0","0","0","0","6","28","4.7","8","3.5"
"전북특별자치도교육청","전북특별자치도순창교육지원청","전북특별자치도 순창군","S130001025","인계초등학교","02","공립","N","","1","6","6","1","6","6","1","6","6","1","8","8","1","2","2","1","8","8","1","4","4","0","0","0","7","40","5.7","9","4.4"
"전북특별자치도교육청","전북특별자치도순창교육지원청","전북특별자치도 순창군","S130001026","적성초등학교","02","공립","N","","1","8","8","1","5","5","1","7","7","1","2","2","1","7","7","1","6","6","0","0","0","0","0","0","6","35","5.8","7","5"
"전북특별자치도교육청","전북특별자치도순창교육지원청","전북특별자치도 순창군","S130001027","팔덕초등학교","02","공립","N","","1","8","8","1","4","4","1","9","9","1","6","6","1","6","6","1","8","8","1","6","6","0","0","0","7","47","6.7","8","5.9"
"전북특별자치도교육청","전북특별자치도순창교육지원청","전북특별자치도 순창군","S130001028","풍산초등학교","02","공립","N","","1","6","6","1","2","2","1","6","6","1","2","2","1","0","0","1","3","3","1","3","3","0","0","0","7","22","3.1","8","2.8"
"전북특별자치도교육청","전북특별자치도완주교육지원청","전북특별자치도 완주군","S130001058","가천초등학교","02","공립","N","","1","7","7","1","2","2","1","3","3","1","0","0","1","5","5","1","1","1","1","4","4","0","0","0","7","22","3.1","8","2.8"
"전북특별자치도교육청","전북특별자치도완주교육지원청","전북특별자치도 완주군","S130001059","간중초등학교","02","공립","N","","0","0","0","0","0","0","1","6","6","1","6","6","1","7","7","1","6","6","1","3","3","0","0","0","5","28","5.6","7","4"
"전북특별자치도교육청","전북특별자치도완주교육지원청","전북특별자치도 완주군","S130001061","삼우초등학교","02","공립","N","","1","10","10","1","7","7","1","9","9","1","11","11","1","16","16","1","14","14","1","3","3","0","0","0","7","70","10","8","8.8"
"전북특별자치도교육청","전북특별자치도완주교육지원청","전북특별자치도 완주군","S130001062","고산초등학교","02","공립","N","","1","7","7","1","15","15","1","11","11","2","28","14","1","15","15","1","15","15","1","2","2","0","0","0","8","93","11.6","10","9.3"
"전북특별자치도교육청","전북특별자치도완주교육지원청","전북특별자치도 완주군","S130001064","구이초등학교","02","공립","N","","1","11","11","1","4","4","1","9","9","1","10","10","1","8","8","1","8","8","1","6","6","0","0","0","7","56","8","8","7"
"전북특별자치도교육청","전북특별자치도완주교육지원청","전북특별자치도 완주군","S130001065","남관초등학교","02","공립","N","","0","0","0","0","0","0","1","5","5","0","0","0","1","4","4","1","2","2","1","2","2","0","0","0","4","13","3.3","7","1.9"
"전북특별자치도교육청","전북특별자치도완주교육지원청","전북특별자치도 완주군","S130001066","대덕초등학교","02","공립","N","","1","9","9","1","5","5","1","7","7","1","5","5","1","10","10","1","7","7","0","0","0","0","0","0","6","43","7.2","7","6.1"
"전북특별자치도교육청","전북특별자치도완주교육지원청","전북특별자치도 완주군","S130001067","동상초등학교","02","공립","N","","1","2","2","1","2","2","1","4","4","1","4","4","1","5","5","1","4","4","0","0","0","0","0","0","6","21","3.5","7","3"
"전북특별자치도교육청","전북특별자치도완주교육지원청","전북특별자치도 완주군","S130001068","동양초등학교","02","공립","N","","0","0","0","1","7","7","1","5","5","0","0","0","1","5","5","1","8","8","1","2","2","0","0","0","5","27","5.4","6","4.5"
"전북특별자치도교육청","전북특별자치도완주교육지원청","전북특별자치도 완주군","S130001069","봉동초등학교","02","공립","N","","3","44","14.7","4","67","16.8","4","63","15.8","4","80","20","3","73","24.3","3","66","22","1","6","6","0","0","0","22","399","18.1","27","14.8"
"전북특별자치도교육청","전북특별자치도완주교육지원청","전북특별자치도 완주군","S130001070","봉동초등학교양화분교장","02","공립","N","","1","7","7","1","2","2","1","9","9","1","3","3","1","7","7","1","3","3","0","0","0","0","0","0","6","31","5.2","7","4.4"
"전북특별자치도교육청","전북특별자치도완주교육지원청","전북특별자치도 완주군","S130001071","봉서초등학교","02","공립","N","","4","78","19.5","5","87","17.4","6","105","17.5","5","120","24","5","113","22.6","6","136","22.7","1","6","6","0","0","0","32","645","20.2","38","17"
"전북특별자치도교육청","전북특별자치도완주교육지원청","전북특별자치도 완주군","S130001072","봉성초등학교","02","공립","N","","1","6","6","1","8","8","1","7","7","1","9","9","1","10","10","1","13","13","0","0","0","0","0","0","6","53","8.8","7","7.6"
"전북특별자치도교육청","전북특별자치도완주교육지원청","전북특별자치도 완주군","S130001073","비봉초등학교","02","공립","N","","1","6","6","1","9","9","1","5","5","1","8","8","1","11","11","1","18","18","0","0","0","0","0","0","6","57","9.5","7","8.1"
"전북특별자치도교육청","전북특별자치도완주교육지원청","전북특별자치도 완주군","S130001075","삼례동초등학교","02","공립","N","","7","120","17.1","7","133","19","7","120","17.1","6","132","22","5","111","22.2","4","82","20.5","2","9","4.5","0","0","0","38","707","18.6","47","15"
"전북특별자치도교육청","전북특별자치도완주교육지원청","전북특별자치도 완주군","S130001076","삼례중앙초등학교","02","공립","N","","2","26","13","2","19","9.5","1","16","16","2","25","12.5","2","30","15","2","28","14","2","8","4","0","0","0","13","152","11.7","16","9.5"
"전북특별자치도교육청","전북특별자치도완주교육지원청","전북특별자치도 완주군","S130001077","삼례초등학교","02","공립","N","","2","21","10.5","2","25","12.5","2","31","15.5","2","27","13.5","2","32","16","2","28","14","2","7","3.5","0","0","0","14","171","12.2","16","10.7"
"전북특별자치도교육청","전북특별자치도완주교육지원청","전북특별자치도 완주군","S130001078","상관초등학교","02","공립","N","","1","16","16","1","20","20","2","20","10","1","18","18","1","20","20","2","29","14.5","1","3","3","0","0","0","9","126","14","12","10.5"
"전북특별자치도교육청","전북특별자치도완주교육지원청","전북특별자치도 완주군","S130001079","소양서초등학교","02","공립","N","","1","5","5","1","10","10","1","6","6","1","9","9","1","8","8","1","9","9","1","5","5","0","0","0","7","52","7.4","8","6.5"
"전북특별자치도교육청","전북특별자치도완주교육지원청","전북특별자치도 완주군","S130001080","소양초등학교","02","공립","N","","1","5","5","1","2","2","1","12","12","1","8","8","1","7","7","1","12","12","1","2","2","0","0","0","7","48","6.9","8","6"
"전북특별자치도교육청","전북특별자치도완주교육지원청","전북특별자치도 완주군","S130001081","송광초등학교","02","공립","N","","0","0","0","1","8","8","0","0","0","1","6","6","1","4","4","1","8","8","1","2","2","0","0","0","5","28","5.6","9","3.1"
"전북특별자치도교육청","전북특별자치도완주교육지원청","전북특별자치도 완주군","S130001082","용봉초등학교","02","공립","N","","2","27","13.5","3","44","14.7","2","31","15.5","2","36","18","2","40","20","2","38","19","1","6","6","0","0","0","14","222","15.9","16","13.9"
"전북특별자치도교육청","전북특별자치도완주교육지원청","전북특별자치도 완주군","S130001083","용진초등학교","02","공립","N","","1","5","5","1","4","4","1","11","11","1","9","9","1","8","8","1","12","12","0","0","0","0","0","0","6","49","8.2","7","7"
"전북특별자치도교육청","전북특별자치도완주교육지원청","전북특별자치도 완주군","S130001084","운주초등학교","02","공립","N","","1","2","2","1","4","4","1","1","1","1","3","3","1","1","1","1","6","6","0","0","0","0","0","0","6","17","2.8","7","2.4"
"전북특별자치도교육청","전북특별자치도완주교육지원청","전북특별자치도 완주군","S130001086","이서초등학교","02","공립","N","","2","40","20","3","52","17.3","4","64","16","3","63","21","3","70","23.3","3","61","20.3","1","3","3","0","0","0","19","353","18.6","24","14.7"
"전북특별자치도교육청","전북특별자치도완주교육지원청","전북특별자치도 완주군","S130001087","이성초등학교","02","공립","N","","1","8","8","1","5","5","1","7","7","1","9","9","1","4","4","1","8","8","1","1","1","0","0","0","7","42","6","8","5.3"
"전북특별자치도교육청","전북특별자치도완주교육지원청","전북특별자치도 완주군","S130001088","청명초등학교","02","공립","N","","1","4","4","0","0","0","1","7","7","0","0","0","1","6","6","1","5","5","1","2","2","0","0","0","5","24","4.8","9","2.7"
"전북특별자치도교육청","전북특별자치도완주교육지원청","전북특별자치도 완주군","S130001089","청완초등학교","02","공립","N","","3","40","13.3","2","36","18","3","53","17.7","3","57","19","2","48","24","3","65","21.7","1","6","6","0","0","0","17","305","17.9","20","15.3"
"전북특별자치도교육청","전북특별자치도완주교육지원청","전북특별자치도 완주군","S130001090","태봉초등학교","02","공립","N","","1","7","7","1","8","8","1","8","8","1","9","9","1","8","8","1","8","8","1","4","4","0","0","0","7","52","7.4","8","6.5"
"전북특별자치도교육청","전북특별자치도완주교육지원청","전북특별자치도 완주군","S130001091","화산초등학교","02","공립","N","","1","5","5","1","7","7","1","9","9","1","16","16","1","20","20","2","33","16.5","1","1","1","0","0","0","8","91","11.4","8","11.4"
"전북특별자치도교육청","전북특별자치도익산교육지원청","전북특별자치도 익산시","S130001151","금마초등학교","02","공립","N","","2","27","13.5","1","17","17","2","29","14.5","1","21","21","2","31","15.5","1","19","19","1","1","1","0","0","0","10","145","14.5","13","11.2"
"전북특별자치도교육청","전북특별자치도익산교육지원청","전북특별자치도 익산시","S130001153","낭산초등학교","02","공립","N","","0","0","0","1","5","5","1","3","3","1","4","4","1","3","3","1","3","3","0","0","0","0","0","0","5","18","3.6","6","3"
"전북특별자치도교육청","전북특별자치도익산교육지원청","전북특별자치도 익산시","S130001154","다송초등학교","02","공립","N","","0","0","0","0","0","0","0","0","0","0","0","0","1","5","5","1","8","8","0","0","0","0","0","0","2","13","6.5","3","4.3"
"전북특별자치도교육청","전북특별자치도익산교육지원청","전북특별자치도 익산시","S130001155","망성초등학교","02","공립","N","","1","1","1","1","2","2","1","2","2","1","3","3","1","4","4","1","3","3","0","0","0","0","0","0","6","15","2.5","7","2.1"
"전북특별자치도교육청","전북특별자치도익산교육지원청","전북특별자치도 익산시","S130001156","미륵초등학교","02","공립","N","","0","0","0","1","5","5","0","0","0","1","6","6","1","4","4","1","4","4","0","0","0","0","0","0","4","19","4.8","5","3.8"
"전북특별자치도교육청","전북특별자치도익산교육지원청","전북특별자치도 익산시","S130001157","삼기초등학교","02","공립","N","","1","1","1","0","0","0","1","1","1","1","5","5","1","2","2","1","2","2","1","1","1","0","0","0","6","12","2","7","1.7"
"전북특별자치도교육청","전북특별자치도익산교육지원청","전북특별자치도 익산시","S130001158","석불초등학교","02","공립","N","","0","0","0","0","0","0","1","3","3","0","0","0","1","3","3","0","0","0","0","0","0","0","0","0","2","6","3","3","2"
"전북특별자치도교육청","전북특별자치도익산교육지원청","전북특별자치도 익산시","S130001160","성당초등학교","02","공립","N","","1","7","7","1","7","7","1","9","9","1","11","11","1","3","3","1","3","3","0","0","0","0","0","0","6","40","6.7","7","5.7"
"전북특별자치도교육청","전북특별자치도익산교육지원청","전북특별자치도 익산시","S130001162","성북초등학교","02","공립","N","","1","3","3","0","0","0","1","6","6","0","0","0","1","5","5","1","8","8","0","0","0","0","0","0","4","22","5.5","5","4.4"
"전북특별자치도교육청","전북특별자치도익산교육지원청","전북특별자치도 익산시","S130001166","여산초등학교","02","공립","N","","1","10","10","1","10","10","1","14","14","1","14","14","1","10","10","1","11","11","0","0","0","0","0","0","6","69","11.5","7","9.9"
"전북특별자치도교육청","전북특별자치도익산교육지원청","전북특별자치도 익산시","S130001167","영만초등학교","02","공립","N","","2","38","19","3","58","19.3","4","63","15.8","4","83","20.8","4","79","19.8","3","69","23","2","13","6.5","0","0","0","22","403","18.3","31","13"
"전북특별자치도교육청","전북특별자치도익산교육지원청","전북특별자치도 익산시","S130001168","오산남초등학교","02","공립","N","","1","17","17","1","20","20","1","8","8","1","19","19","1","13","13","1","15","15","0","0","0","0","0","0","6","92","15.3","8","11.5"
"전북특별자치도교육청","전북특별자치도익산교육지원청","전북특별자치도 익산시","S130001169","오산초등학교","02","공립","N","","1","7","7","1","7","7","1","10","10","1","6","6","1","7","7","1","12","12","1","6","6","0","0","0","7","55","7.9","8","6.9"
"전북특별자치도교육청","전북특별자치도익산교육지원청","전북특별자치도 익산시","S130001170","왕궁남초등학교","02","공립","N","","1","1","1","1","0","0","1","0","0","1","1","1","1","2","2","1","2","2","1","4","4","0","0","0","7","10","1.4","8","1.3"
"전북특별자치도교육청","전북특별자치도익산교육지원청","전북특별자치도 익산시","S130001171","왕궁초등학교","02","공립","N","","1","5","5","1","13","13","1","13","13","1","20","20","1","13","13","1","10","10","1","1","1","0","0","0","7","75","10.7","9","8.3"
"전북특별자치도교육청","전북특별자치도익산교육지원청","전북특별자치도 익산시","S130001172","왕북초등학교","02","공립","N","","0","0","0","0","0","0","1","12","12","1","5","5","1","9","9","1","2","2","0","0","0","0","0","0","4","28","7","6","4.7"
"전북특별자치도교육청","전북특별자치도익산교육지원청","전북특별자치도 익산시","S130001173","용남초등학교","02","공립","N","","1","5","5","0","0","0","0","0","0","1","5","5","0","0","0","1","8","8","0","0","0","0","0","0","3","18","6","4","4.5"
"전북특별자치도교육청","전북특별자치도익산교육지원청","전북특별자치도 익산시","S130001174","용북초등학교","02","공립","N","","0","0","0","0","0","0","0","0","0","1","5","5","0","0","0","1","2","2","0","0","0","0","0","0","2","7","3.5","3","2.3"
"전북특별자치도교육청","전북특별자치도익산교육지원청","전북특별자치도 익산시","S130001175","용산초등학교","02","공립","N","","1","7","7","1","5","5","1","8","8","1","11","11","1","11","11","1","6","6","0","0","0","0","0","0","6","48","8","7","6.9"
"전북특별자치도교육청","전북특별자치도익산교육지원청","전북특별자치도 익산시","S130001176","용성초등학교","02","공립","N","","0","0","0","0","0","0","1","4","4","1","2","2","1","4","4","0","0","0","0","0","0","0","0","0","3","10","3.3","4","2.5"
"전북특별자치도교육청","전북특별자치도익산교육지원청","전북특별자치도 익산시","S130001177","용안초등학교","02","공립","N","","0","0","0","1","1","1","1","0","0","1","2","2","1","2","2","1","4","4","1","3","3","0","0","0","6","12","2","7","1.7"
"전북특별자치도교육청","전북특별자치도익산교육지원청","전북특별자치도 익산시","S130001179","웅포초등학교","02","공립","N","","0","0","0","1","1","1","1","2","2","1","2","2","1","5","5","1","1","1","0","0","0","0","0","0","5","11","2.2","6","1.8"
"전북특별자치도교육청","전북특별자치도익산교육지원청","전북특별자치도 익산시","S130001180","이리계문초등학교","02","공립","N","","1","5","5","1","7","7","1","4","4","1","12","12","1","8","8","1","5","5","1","4","4","0","0","0","7","45","6.4","8","5.6"
"전북특별자치도교육청","전북특별자치도익산교육지원청","전북특별자치도 익산시","S130001181","이리고현초등학교","02","공립","N","","2","29","14.5","2","32","16","2","33","16.5","2","48","24","2","35","17.5","3","56","18.7","1","5","5","0","0","0","14","238","17","16","14.9"
"전북특별자치도교육청","전북특별자치도익산교육지원청","전북특별자치도 익산시","S130001182","이리남창초등학교","02","공립","N","","1","6","6","1","6","6","1","5","5","1","8","8","1","12","12","1","13","13","0","0","0","0","0","0","6","50","8.3","7","7.1"
"전북특별자치도교육청","전북특별자치도익산교육지원청","전북특별자치도 익산시","S130001183","이리남초등학교","02","공립","N","","1","3","3","1","9","9","1","10","10","0","0","0","1","9","9","1","8","8","0","0","0","0","0","0","5","39","7.8","7","5.6"
"전북특별자치도교육청","전북특별자치도익산교육지원청","전북특별자치도 익산시","S130001184","이리동남초등학교","02","공립","N","","6","104","17.3","4","60","15","5","86","17.2","3","69","23","3","59","19.7","3","64","21.3","1","6","6","0","0","0","25","448","17.9","29","15.4"
"전북특별자치도교육청","전북특별자치도익산교육지원청","전북특별자치도 익산시","S130001185","이리동북초등학교","02","공립","N","","2","38","19","3","42","14","3","40","13.3","2","34","17","2","39","19.5","3","60","20","2","11","5.5","0","0","0","17","264","15.5","20","13.2"
"전북특별자치도교육청","전북특별자치도익산교육지원청","전북특별자치도 익산시","S130001186","이리동산초등학교","02","공립","N","","3","46","15.3","3","52","17.3","4","66","16.5","4","91","22.8","4","89","22.3","4","99","24.8","1","6","6","0","0","0","23","449","19.5","27","16.6"
"전북특별자치도교육청","전북특별자치도익산교육지원청","전북특별자치도 익산시","S130001187","이리동초등학교","02","공립","N","","2","30","15","2","30","15","3","46","15.3","2","44","22","3","58","19.3","3","78","26","2","12","6","0","0","0","17","298","17.5","21","14.2"
"전북특별자치도교육청","전북특별자치도익산교육지원청","전북특별자치도 익산시","S130001188","이리마한초등학교","02","공립","N","","2","26","13","2","37","18.5","3","51","17","3","56","18.7","3","53","17.7","2","49","24.5","1","6","6","0","0","0","16","278","17.4","21","13.2"
"전북특별자치도교육청","전북특별자치도익산교육지원청","전북특별자치도 익산시","S130001189","이리모현초등학교","02","공립","N","","5","94","18.8","6","109","18.2","7","125","17.9","6","142","23.7","6","141","23.5","6","139","23.2","1","6","6","0","0","0","37","756","20.4","46","16.4"
"전북특별자치도교육청","전북특별자치도익산교육지원청","전북특별자치도 익산시","S130001190","이리백제초등학교","02","공립","N","","2","33","16.5","4","71","17.8","4","68","17","3","79","26.3","4","94","23.5","5","86","17.2","2","12","6","0","0","0","24","443","18.5","32","13.8"
"전북특별자치도교육청","전북특별자치도익산교육지원청","전북특별자치도 익산시","S130001191","이리부송초등학교","02","공립","N","","3","42","14","2","32","16","2","41","20.5","3","52","17.3","3","51","17","2","43","21.5","2","12","6","0","0","0","17","273","16.1","20","13.7"
"전북특별자치도교육청","전북특별자치도익산교육지원청","전북특별자치도 익산시","S130001192","이리부천초등학교","02","공립","N","","3","49","16.3","3","52","17.3","3","45","15","3","67","22.3","3","77","25.7","4","95","23.8","2","11","5.5","0","0","0","21","396","18.9","25","15.8"
"전북특별자치도교육청","전북특별자치도익산교육지원청","전북특별자치도 익산시","S130001193","이리북일초등학교","02","공립","N","","1","16","16","1","10","10","1","9","9","1","12","12","1","14","14","1","14","14","0","0","0","0","0","0","6","75","12.5","7","10.7"
"전북특별자치도교육청","전북특별자치도익산교육지원청","전북특별자치도 익산시","S130001194","이리북초등학교","02","공립","N","","1","15","15","1","15","15","1","20","20","2","32","16","2","27","13.5","1","24","24","1","7","7","0","0","0","9","140","15.6","12","11.7"
"전북특별자치도교육청","전북특별자치도익산교육지원청","전북특별자치도 익산시","S130001195","이리삼성초등학교","02","공립","N","","1","3","3","1","3","3","1","9","9","1","4","4","1","10","10","1","3","3","1","6","6","0","0","0","7","38","5.4","8","4.8"
"전북특별자치도교육청","전북특별자치도익산교육지원청","전북특별자치도 익산시","S130001196","이리서초등학교","02","공립","N","","4","62","15.5","4","75","18.8","4","68","17","3","73","24.3","4","85","21.3","4","85","21.3","1","6","6","0","0","0","24","454","18.9","29","15.7"
"전북특별자치도교육청","전북특별자치도익산교육지원청","전북특별자치도 익산시","S130001197","이리석암초등학교","02","공립","N","","1","7","7","0","0","0","1","7","7","1","6","6","1","6","6","1","5","5","1","3","3","0","0","0","6","34","5.7","7","4.9"
"전북특별자치도교육청","전북특별자치도익산교육지원청","전북특별자치도 익산시","S130001198","이리송학초등학교","02","공립","N","","4","57","14.3","3","52","17.3","5","82","16.4","3","69","23","3","65","21.7","3","72","24","1","6","6","0","0","0","22","403","18.3","26","15.5"
"전북특별자치도교육청","전북특별자치도익산교육지원청","전북특별자치도 익산시","S130001199","이리신동초등학교","02","공립","N","","1","13","13","1","20","20","2","28","14","1","20","20","1","22","22","1","15","15","0","0","0","0","0","0","7","118","16.9","9","13.1"
"전북특별자치도교육청","전북특별자치도익산교육지원청","전북특별자치도 익산시","S130001200","이리신흥초등학교","02","공립","N","","1","4","4","1","7","7","1","7","7","1","12","12","1","10","10","1","6","6","1","6","6","0","0","0","7","52","7.4","9","5.8"
"전북특별자치도교육청","전북특별자치도익산교육지원청","전북특별자치도 익산시","S130001201","익산어양초등학교","02","공립","N","","3","60","20","4","69","17.3","5","98","19.6","4","95","23.8","5","128","25.6","4","105","26.3","0","0","0","0","0","0","25","555","22.2","32","17.3"
"전북특별자치도교육청","전북특별자치도익산교육지원청","전북특별자치도 익산시","S130001202","이리영등초등학교","02","공립","N","","5","99","19.8","6","106","17.7","6","109","18.2","5","118","23.6","4","110","27.5","4","106","26.5","0","0","0","0","0","0","30","648","21.6","38","17.1"
"전북특별자치도교육청","전북특별자치도익산교육지원청","전북특별자치도 익산시","S130001203","이리중앙초등학교","02","공립","N","","1","10","10","1","16","16","1","12","12","1","13","13","1","21","21","1","20","20","1","5","5","0","0","0","7","97","13.9","9","10.8"
"전북특별자치도교육청","전북특별자치도익산교육지원청","전북특별자치도 익산시","S130001204","이리초등학교","02","공립","N","","5","87","17.4","6","102","17","5","92","18.4","4","83","20.8","3","69","23","3","76","25.3","2","8","4","0","0","0","28","517","18.5","34","15.2"
"전북특별자치도교육청","전북특별자치도익산교육지원청","전북특별자치도 익산시","S130001205","이리팔봉초등학교","02","공립","N","","2","23","11.5","2","31","15.5","3","45","15","2","51","25.5","2","30","15","3","67","22.3","1","5","5","0","0","0","15","252","16.8","18","14"
"전북특별자치도교육청","전북특별자치도익산교육지원청","전북특별자치도 익산시","S130001206","익산초등학교","02","공립","N","","2","33","16.5","3","47","15.7","3","55","18.3","2","46","23","3","56","18.7","3","63","21","2","12","6","0","0","0","18","312","17.3","24","13"
"전북특별자치도교육청","전북특별자치도익산교육지원청","전북특별자치도 익산시","S130001207","천서초등학교","02","공립","N","","1","8","8","0","0","0","1","5","5","1","9","9","1","6","6","1","7","7","1","3","3","0","0","0","6","38","6.3","7","5.4"
"전북특별자치도교육청","전북특별자치도익산교육지원청","전북특별자치도 익산시","S130001208","춘포초등학교","02","공립","N","","1","3","3","1","5","5","1","9","9","1","7","7","1","13","13","1","12","12","1","3","3","0","0","0","7","52","7.4","10","5.2"
"전북특별자치도교육청","전북특별자치도익산교육지원청","전북특별자치도 익산시","S130001209","함라초등학교","02","공립","N","","1","2","2","1","1","1","1","3","3","1","3","3","1","3","3","1","4","4","1","2","2","0","0","0","7","18","2.6","8","2.3"
"전북특별자치도교육청","전북특별자치도익산교육지원청","전북특별자치도 익산시","S130001210","함열초등학교","02","공립","N","","1","13","13","2","29","14.5","2","30","15","2","27","13.5","1","21","21","2","33","16.5","1","5","5","0","0","0","11","158","14.4","14","11.3"
"전북특별자치도교육청","전북특별자치도익산교육지원청","전북특별자치도 익산시","S130001211","황등남초등학교","02","공립","N","","1","9","9","1","12","12","1","17","17","1","21","21","1","19","19","2","30","15","1","2","2","0","0","0","8","110","13.8","11","10"
"전북특별자치도교육청","전북특별자치도익산교육지원청","전북특별자치도 익산시","S130001212","황등초등학교","02","공립","N","","1","3","3","1","2","2","1","5","5","1","5","5","1","7","7","1","2","2","1","2","2","0","0","0","7","26","3.7","8","3.3"
"전북특별자치도교육청","전북특별자치도익산교육지원청","전북특별자치도 익산시","S130001213","흥왕초등학교","02","공립","N","","1","3","3","1","2","2","1","5","5","1","4","4","1","3","3","1","6","6","1","4","4","0","0","0","7","27","3.9","8","3.4"
"전북특별자치도교육청","전북특별자치도임실교육지원청","전북특별자치도 임실군","S130001308","갈담초등학교","02","공립","N","","1","2","2","0","0","0","1","5","5","1","3","3","1","3","3","1","1","1","1","1","1","0","0","0","6","15","2.5","7","2.1"
"전북특별자치도교육청","전북특별자치도임실교육지원청","전북특별자치도 임실군","S130001311","관촌초등학교","02","공립","N","","1","4","4","1","13","13","1","14","14","1","9","9","1","6","6","1","15","15","2","7","3.5","0","0","0","8","68","8.5","9","7.6"
"전북특별자치도교육청","전북특별자치도임실교육지원청","전북특별자치도 임실군","S130001313","대리초등학교","02","공립","N","","1","6","6","1","6","6","1","7","7","1","4","4","1","9","9","1","6","6","0","0","0","0","0","0","6","38","6.3","7","5.4"
"전북특별자치도교육청","전북특별자치도임실교육지원청","전북특별자치도 임실군","S130001314","덕치초등학교","02","공립","N","","0","0","0","1","1","1","1","3","3","0","0","0","0","0","0","0","0","0","0","0","0","0","0","0","2","4","2","3","1.3"
"전북특별자치도교육청","전북특별자치도임실교육지원청","전북특별자치도 임실군","S130001316","삼계초등학교","02","공립","N","","1","5","5","1","1","1","1","3","3","1","2","2","1","1","1","1","5","5","0","0","0","0","0","0","6","17","2.8","7","2.4"
"전북특별자치도교육청","전북특별자치도임실교육지원청","전북특별자치도 임실군","S130001318","성수초등학교","02","공립","N","","1","1","1","1","1","1","1","7","7","1","4","4","1","3","3","1","8","8","1","2","2","0","0","0","7","26","3.7","8","3.3"
"전북특별자치도교육청","전북특별자치도임실교육지원청","전북특별자치도 임실군","S130001320","신평초등학교","02","공립","N","","1","2","2","0","0","0","1","3","3","1","4","4","1","1","1","1","0","0","1","1","1","0","0","0","6","11","1.8","7","1.6"
"전북특별자치도교육청","전북특별자치도임실교육지원청","전북특별자치도 임실군","S130001322","오수초등학교","02","공립","N","","1","6","6","1","5","5","1","5","5","1","12","12","1","9","9","1","13","13","1","5","5","0","0","0","7","55","7.9","8","6.9"
"전북특별자치도교육청","전북특별자치도임실교육지원청","전북특별자치도 임실군","S130001323","운암초등학교","02","공립","N","","0","0","0","0","0","0","1","2","2","0","0","0","1","1","1","1","1","1","0","0","0","0","0","0","3","4","1.3","4","1"
"전북특별자치도교육청","전북특별자치도임실교육지원청","전북특별자치도 임실군","S130001324","마암초등학교","02","공립","N","","1","4","4","1","7","7","1","7","7","1","10","10","1","6","6","1","7","7","0","0","0","0","0","0","6","41","6.8","7","5.9"
"전북특별자치도교육청","전북특별자치도임실교육지원청","전북특별자치도 임실군","S130001325","임실기림초등학교","02","공립","N","","1","4","4","1","9","9","1","7","7","1","6","6","1","10","10","1","3","3","1","2","2","0","0","0","7","41","5.9","8","5.1"
"전북특별자치도교육청","전북특별자치도임실교육지원청","전북특별자치도 임실군","S130001327","임실초등학교","02","공립","N","","3","43","14.3","3","50","16.7","3","56","18.7","2","46","23","3","55","18.3","3","60","20","1","1","1","0","0","0","18","311","17.3","24","13"
"전북특별자치도교육청","전북특별자치도임실교육지원청","전북특별자치도 임실군","S130001328","지사초등학교","02","공립","N","","1","4","4","1","2","2","1","3","3","1","4","4","1","8","8","1","3","3","0","0","0","0","0","0","6","24","4","7","3.4"
"전북특별자치도교육청","전북특별자치도임실교육지원청","전북특별자치도 임실군","S130001329","청웅초등학교","02","공립","N","","1","3","3","1","2","2","1","2","2","1","4","4","1","3","3","1","4","4","0","0","0","0","0","0","6","18","3","7","2.6"
"전북특별자치도교육청","전북특별자치도장수교육지원청","전북특별자치도 장수군","S130001352","계남초등학교","02","공립","N","","1","3","3","1","2","2","1","3","3","1","6","6","1","6","6","1","3","3","0","0","0","0","0","0","6","23","3.8","8","2.9"
"전북특별자치도교육청","전북특별자치도장수교육지원청","전북특별자치도 장수군","S130001353","계북초등학교","02","공립","N","","1","3","3","1","2","2","1","3","3","1","2","2","1","6","6","1","5","5","1","2","2","0","0","0","7","23","3.3","9","2.6"
"전북특별자치도교육청","전북특별자치도장수교육지원청","전북특별자치도 장수군","S130001358","번암초등학교","02","공립","N","","1","3","3","1","4","4","1","4","4","1","2","2","1","9","9","1","6","6","1","5","5","0","0","0","7","33","4.7","8","4.1"
"전북특별자치도교육청","전북특별자치도장수교육지원청","전북특별자치도 장수군","S130001359","번암초등학교동화분교장","02","공립","N","","0","0","0","0","0","0","0","0","0","0","0","0","1","4","4","1","3","3","0","0","0","0","0","0","2","7","3.5","3","2.3"
"전북특별자치도교육청","전북특별자치도장수교육지원청","전북특별자치도 장수군","S130001360","산서초등학교","02","공립","N","","1","4","4","1","3","3","1","4","4","1","4","4","1","3","3","1","6","6","1","2","2","0","0","0","7","26","3.7","8","3.3"
"전북특별자치도교육청","전북특별자치도장수교육지원청","전북특별자치도 장수군","S130001361","수남초등학교","02","공립","N","","1","3","3","1","2","2","1","3","3","1","2","2","1","8","8","1","6","6","1","2","2","0","0","0","7","26","3.7","8","3.3"
"전북특별자치도교육청","전북특별자치도장수교육지원청","전북특별자치도 장수군","S130001365","장계초등학교","02","공립","N","","1","14","14","1","20","20","2","21","10.5","1","21","21","2","26","13","2","36","18","1","4","4","0","0","0","10","142","14.2","13","10.9"
"전북특별자치도교육청","전북특별자치도장수교육지원청","전북특별자치도 장수군","S130001366","장수초등학교","02","공립","N","","2","32","16","2","28","14","3","41","13.7","2","45","22.5","3","50","16.7","3","67","22.3","1","3","3","0","0","0","16","266","16.6","19","14"
"전북특별자치도교육청","전북특별자치도장수교육지원청","전북특별자치도 장수군","S130001368","천천초등학교","02","공립","N","","1","4","4","1","2","2","1","2","2","1","4","4","1","2","2","1","3","3","1","2","2","0","0","0","7","19","2.7","8","2.4"
"전북특별자치도교육청","전북특별자치도전주교육지원청","전북특별자치도 전주시 덕진구","S130001423","전주금암초등학교","02","공립","N","","2","24","12","2","33","16.5","2","33","16.5","2","30","15","2","26","13","2","33","16.5","1","6","6","0","0","0","13","185","14.2","16","11.6"
"전북특별자치도교육청","전북특별자치도전주교육지원청","전북특별자치도 전주시 덕진구","S130001424","전주금평초등학교","02","공립","N","","2","18","9","3","31","10.3","2","29","14.5","2","38","19","2","37","18.5","3","52","17.3","1","4","4","0","0","0","15","209","13.9","19","11"
"전북특별자치도교육청","전북특별자치도전주교육지원청","전북특별자치도 전주시 덕진구","S130001425","전주기린초등학교","02","공립","N","","3","43","14.3","3","54","18","4","73","18.3","3","69","23","2","52","26","3","56","18.7","1","6","6","0","0","0","19","353","18.6","24","14.7"
"전북특별자치도교육청","전북특별자치도전주교육지원청","전북특별자치도 전주시 완산구","S130001426","전주남초등학교","02","공립","N","","2","25","12.5","2","30","15","2","28","14","2","47","23.5","3","55","18.3","2","42","21","1","6","6","0","0","0","14","233","16.6","18","12.9"
"전북특별자치도교육청","전북특별자치도전주교육지원청","전북특별자치도 전주시 완산구","S130001427","전주대성초등학교","02","공립","N","","1","4","4","1","7","7","1","8","8","1","6","6","1","7","7","1","5","5","1","2","2","0","0","0","7","39","5.6","8","4.9"
"전북특별자치도교육청","전북특별자치도전주교육지원청","전북특별자치도 전주시 덕진구","S130001428","전주덕일초등학교","02","공립","N","","1","16","16","2","31","15.5","2","20","10","2","29","14.5","2","38","19","2","28","14","1","6","6","0","0","0","12","168","14","15","11.2"
"전북특별자치도교육청","전북특별자치도전주교육지원청","전북특별자치도 전주시 덕진구","S130001429","전주덕진초등학교","02","공립","N","","1","8","8","1","9","9","1","17","17","1","6","6","1","20","20","1","21","21","0","0","0","0","0","0","6","81","13.5","8","10.1"
"전북특별자치도교육청","전북특별자치도전주교육지원청","전북특별자치도 전주시 덕진구","S130001431","전주동북초등학교","02","공립","N","","1","8","8","2","21","10.5","1","15","15","1","21","21","1","21","21","2","32","16","1","6","6","0","0","0","9","124","13.8","12","10.3"
"전북특별자치도교육청","전북특별자치도전주교육지원청","전북특별자치도 전주시 덕진구","S130001432","전주동신초등학교","02","공립","N","","4","69","17.3","5","88","17.6","5","83","16.6","4","94","23.5","3","65","21.7","4","89","22.3","2","11","5.5","0","0","0","27","499","18.5","33","15.1"
"전북특별자치도교육청","전북특별자치도전주교육지원청","전북특별자치도 전주시 완산구","S130001433","전주동초등학교","02","공립","N","","2","33","16.5","2","36","18","2","38","19","2","34","17","2","32","16","2","29","14.5","2","7","3.5","0","0","0","14","209","14.9","18","11.6"
"전북특별자치도교육청","전북특별자치도전주교육지원청","전북특별자치도 전주시 덕진구","S130001434","전주만성초등학교","02","공립","N","","9","182","20.2","9","162","18","8","208","26","10","266","26.6","9","238","26.4","9","231","25.7","2","12","6","0","0","0","56","1299","23.2","70","18.6"
"전북특별자치도교육청","전북특별자치도전주교육지원청","전북특별자치도 전주시 완산구","S130001435","전주문정초등학교","02","공립","N","","1","13","13","1","8","8","1","14","14","1","11","11","1","7","7","1","9","9","1","6","6","0","0","0","7","68","9.7","8","8.5"
"전북특별자치도교육청","전북특별자치도전주교육지원청","전북특별자치도 전주시 덕진구","S130001436","전주미산초등학교","02","공립","N","","1","3","3","0","0","0","1","7","7","1","4","4","1","4","4","1","5","5","1","4","4","0","0","0","6","27","4.5","8","3.4"
"전북특별자치도교육청","전북특별자치도전주교육지원청","전북특별자치도 전주시 덕진구","S130001437","전주반월초등학교","02","공립","N","","4","71","17.8","4","69","17.3","4","75","18.8","3","76","25.3","3","75","25","3","72","24","1","6","6","0","0","0","22","444","20.2","28","15.9"
"전북특별자치도교육청","전북특별자치도전주교육지원청","전북특별자치도 전주시 덕진구","S130001438","전주북일초등학교","02","공립","N","","3","49","16.3","4","62","15.5","4","79","19.8","4","88","22","3","67","22.3","4","85","21.3","1","3","3","0","0","0","23","433","18.8","30","14.4"
"전북특별자치도교육청","전북특별자치도전주교육지원청","전북특별자치도 전주시 덕진구","S130001439","전주북초등학교","02","공립","N","","2","35","17.5","3","40","13.3","3","52","17.3","3","68","22.7","2","54","27","3","64","21.3","1","6","6","0","0","0","17","319","18.8","21","15.2"
"전북특별자치도교육청","전북특별자치도전주교육지원청","전북특별자치도 전주시 완산구","S130001440","전주삼천남초등학교","02","공립","N","","2","35","17.5","2","27","13.5","2","35","17.5","2","46","23","2","46","23","3","56","18.7","1","6","6","0","0","0","14","251","17.9","18","13.9"
"전북특별자치도교육청","전북특별자치도전주교육지원청","전북특별자치도 전주시 완산구","S130001441","전주삼천초등학교","02","공립","N","","3","48","16","3","50","16.7","3","47","15.7","2","45","22.5","3","57","19","3","62","20.7","1","6","6","0","0","0","18","315","17.5","25","12.6"
"전북특별자치도교육청","전북특별자치도전주교육지원청","전북특별자치도 전주시 완산구","S130001442","전주서곡초등학교","02","공립","N","","4","61","15.3","4","68","17","4","79","19.8","4","94","23.5","4","93","23.3","5","110","22","2","11","5.5","0","0","0","27","516","19.1","30","17.2"
"전북특별자치도교육청","전북특별자치도전주교육지원청","전북특별자치도 전주시 완산구","S130001443","전주서문초등학교","02","공립","N","","2","36","18","3","57","19","3","55","18.3","2","51","25.5","3","57","19","2","54","27","1","5","5","0","0","0","16","315","19.7","20","15.8"
"전북특별자치도교육청","전북특별자치도전주교육지원청","전북특별자치도 전주시 완산구","S130001444","전주서신초등학교","02","공립","N","","5","92","18.4","5","85","17","6","103","17.2","4","100","25","4","91","22.8","4","90","22.5","2","12","6","0","0","0","30","573","19.1","37","15.5"
"전북특별자치도교육청","전북특별자치도전주교육지원청","전북특별자치도 전주시 완산구","S130001445","전주서원초등학교","02","공립","N","","2","34","17","3","51","17","3","57","19","3","56","18.7","3","57","19","3","60","20","1","5","5","0","0","0","18","320","17.8","22","14.5"
"전북특별자치도교육청","전북특별자치도전주교육지원청","전북특별자치도 전주시 완산구","S130001446","전주서일초등학교","02","공립","N","","4","61","15.3","4","78","19.5","4","78","19.5","4","98","24.5","5","119","23.8","4","108","27","1","4","4","0","0","0","26","546","21","31","17.6"
"전북특별자치도교육청","전북특별자치도전주교육지원청","전북특별자치도 전주시 완산구","S130001447","전주서천초등학교","02","공립","N","","2","27","13.5","2","41","20.5","3","51","17","2","49","24.5","3","60","20","3","55","18.3","0","0","0","0","0","0","15","283","18.9","19","14.9"
"전북특별자치도교육청","전북특별자치도전주교육지원청","전북특별자치도 전주시 덕진구","S130001448","전주송북초등학교","02","공립","N","","3","42","14","5","82","16.4","5","85","17","3","78","26","3","78","26","4","93","23.3","0","0","0","0","0","0","23","458","19.9","30","15.3"
"전북특별자치도교육청","전북특별자치도전주교육지원청","전북특별자치도 전주시 덕진구","S130001449","전주송원초등학교","02","공립","N","","3","50","16.7","3","56","18.7","3","58","19.3","3","66","22","3","71","23.7","3","79","26.3","0","0","0","0","0","0","18","380","21.1","22","17.3"
"전북특별자치도교육청","전북특별자치도전주교육지원청","전북특별자치도 전주시 덕진구","S130001450","전주송천초등학교","02","공립","N","","4","71","17.8","4","75","18.8","4","73","18.3","4","107","26.8","4","92","23","5","111","22.2","2","12","6","0","0","0","27","541","20","33","16.4"
"전북특별자치도교육청","전북특별자치도전주교육지원청","전북특별자치도 전주시 덕진구","S130001451","전주신동초등학교","02","공립","N","","6","103","17.2","5","100","20","6","107","17.8","5","131","26.2","4","101","25.3","4","89","22.3","1","6","6","0","0","0","31","637","20.5","38","16.8"
"전북특별자치도교육청","전북특별자치도전주교육지원청","전북특별자치도 전주시 완산구","S130001452","전주신성초등학교","02","공립","N","","2","37","18.5","2","32","16","4","62","15.5","3","58","19.3","3","54","18","3","73","24.3","2","12","6","0","0","0","19","328","17.3","22","14.9"
"전북특별자치도교육청","전북특별자치도전주교육지원청","전북특별자치도 전주시 덕진구","S130001453","전주아중초등학교","02","공립","N","","1","18","18","2","25","12.5","1","16","16","2","36","18","1","24","24","2","36","18","0","0","0","0","0","0","9","155","17.2","13","11.9"
"전북특별자치도교육청","전북특별자치도전주교육지원청","전북특별자치도 전주시 완산구","S130001454","전주양지초등학교","02","공립","N","","1","19","19","2","28","14","3","41","13.7","2","36","18","2","46","23","2","42","21","1","6","6","0","0","0","13","218","16.8","17","12.8"
"전북특별자치도교육청","전북특별자치도전주교육지원청","전북특별자치도 전주시 완산구","S130001455","전주완산서초등학교","02","공립","N","","1","19","19","2","22","11","2","33","16.5","2","31","15.5","2","29","14.5","2","40","20","1","4","4","0","0","0","12","178","14.8","15","11.9"
"전북특별자치도교육청","전북특별자치도전주교육지원청","전북특별자치도 전주시 완산구","S130001456","전주완산초등학교","02","공립","N","","1","3","3","1","6","6","1","6","6","1","10","10","1","6","6","1","15","15","1","5","5","0","0","0","7","51","7.3","8","6.4"
"전북특별자치도교육청","전북특별자치도전주교육지원청","전북특별자치도 전주시 덕진구","S130001457","전주용덕초등학교","02","공립","N","","1","15","15","1","11","11","1","12","12","1","14","14","1","16","16","1","16","16","0","0","0","0","0","0","6","84","14","8","10.5"
"전북특별자치도교육청","전북특별자치도전주교육지원청","전북특별자치도 전주시 완산구","S130001458","전주용흥초등학교","02","공립","N","","4","71","17.8","5","94","18.8","5","82","16.4","5","118","23.6","5","109","21.8","5","115","23","1","6","6","0","0","0","30","595","19.8","36","16.5"
"전북특별자치도교육청","전북특별자치도전주교육지원청","전북특별자치도 전주시 완산구","S130001459","전주우전초등학교","02","공립","N","","6","113","18.8","6","108","18","5","110","22","5","114","22.8","6","147","24.5","6","144","24","1","6","6","0","0","0","35","742","21.2","43","17.3"
"전북특별자치도교육청","전북특별자치도전주교육지원청","전북특별자치도 전주시 덕진구","S130001460","전주원동초등학교","02","공립","N","","1","6","6","1","17","17","1","13","13","1","14","14","1","8","8","1","9","9","1","7","7","0","0","0","7","74","10.6","8","9.3"
"전북특별자치도교육청","전북특별자치도전주교육지원청","전북특별자치도 전주시 덕진구","S130001461","전주인봉초등학교","02","공립","N","","4","72","18","5","91","18.2","6","118","19.7","6","134","22.3","6","139","23.2","5","129","25.8","1","5","5","0","0","0","33","688","20.8","41","16.8"
"전북특별자치도교육청","전북특별자치도전주교육지원청","전북특별자치도 전주시 덕진구","S130001462","전주인후초등학교","02","공립","N","","4","81","20.3","5","93","18.6","6","111","18.5","6","137","22.8","5","123","24.6","6","147","24.5","1","6","6","0","0","0","33","698","21.2","39","17.9"
"전북특별자치도교육청","전북특별자치도전주교육지원청","전북특별자치도 전주시 덕진구","S130001463","전주장동초등학교","02","공립","N","","1","18","18","2","24","12","1","9","9","1","16","16","1","11","11","1","8","8","0","0","0","0","0","0","7","86","12.3","9","9.6"
"전북특별자치도교육청","전북특별자치도전주교육지원청","전북특별자치도 전주시 덕진구","S130001464","전주전라초등학교","02","공립","N","","3","57","19","4","63","15.8","4","74","18.5","3","75","25","4","98","24.5","4","93","23.3","2","8","4","0","0","0","24","468","19.5","31","15.1"
"전북특별자치도교육청","전북특별자치도전주교육지원청","전북특별자치도 전주시 덕진구","S130001465","전주전일초등학교","02","공립","N","","2","21","10.5","2","38","19","2","26","13","1","27","27","2","28","14","2","38","19","1","3","3","0","0","0","12","181","15.1","15","12.1"
"전북특별자치도교육청","전북특별자치도전주교육지원청","전북특별자치도 전주시 덕진구","S130001466","전주조촌초등학교","02","공립","N","","4","78","19.5","6","105","17.5","6","101","16.8","5","107","21.4","4","104","26","5","131","26.2","2","12","6","0","0","0","32","638","19.9","39","16.4"
"전북특별자치도교육청","전북특별자치도전주교육지원청","전북특별자치도 전주시 완산구","S130001467","전주중산초등학교","02","공립","N","","3","48","16","3","63","21","4","75","18.8","3","66","22","3","68","22.7","3","79","26.3","1","6","6","0","0","0","20","405","20.3","24","16.9"
"전북특별자치도교육청","전북특별자치도전주교육지원청","전북특별자치도 전주시 완산구","S130001468","전주중앙초등학교","02","공립","N","","1","7","7","1","7","7","1","10","10","1","17","17","1","15","15","1","11","11","1","4","4","0","0","0","7","71","10.1","7","10.1"
"전북특별자치도교육청","전북특별자치도전주교육지원청","전북특별자치도 전주시 완산구","S130001469","전주중인초등학교","02","공립","N","","1","12","12","1","14","14","1","14","14","1","18","18","1","20","20","1","11","11","0","0","0","0","0","0","6","89","14.8","8","11.1"
"전북특별자치도교육청","전북특별자치도전주교육지원청","전북특별자치도 전주시 완산구","S130001470","전주지곡초등학교","02","공립","N","","4","77","19.3","7","124","17.7","6","110","18.3","6","142","23.7","6","151","25.2","6","161","26.8","1","6","6","0","0","0","36","771","21.4","45","17.1"
"전북특별자치도교육청","전북특별자치도전주교육지원청","전북특별자치도 전주시 덕진구","S130001471","전주진북초등학교","02","공립","N","","2","26","13","2","36","18","2","29","14.5","2","34","17","2","35","17.5","1","27","27","0","0","0","0","0","0","11","187","17","15","12.5"
"전북특별자치도교육청","전북특별자치도전주교육지원청","전북특별자치도 전주시 완산구","S130001472","전주초등학교","02","공립","N","","2","29","14.5","2","40","20","2","39","19.5","2","47","23.5","2","45","22.5","2","52","26","1","5","5","0","0","0","13","257","19.8","17","15.1"
"전북특별자치도교육청","전북특별자치도전주교육지원청","전북특별자치도 전주시 덕진구","S130001473","전주초포초등학교","02","공립","N","","2","40","20","3","57","19","3","42","14","2","39","19.5","2","39","19.5","2","38","19","1","6","6","0","0","0","15","261","17.4","19","13.7"
"전북특별자치도교육청","전북특별자치도전주교육지원청","전북특별자치도 전주시 덕진구","S130001474","전주팔복초등학교","02","공립","N","","1","8","8","1","6","6","1","8","8","1","8","8","1","9","9","1","5","5","1","6","6","0","0","0","7","50","7.1","8","6.3"
"전북특별자치도교육청","전북특별자치도전주교육지원청","전북특별자치도 전주시 완산구","S130001475","전주평화초등학교","02","공립","N","","2","20","10","2","17","8.5","1","16","16","2","35","17.5","2","28","14","2","32","16","2","11","5.5","0","0","0","13","159","12.2","15","10.6"
"전북특별자치도교육청","전북특별자치도전주교육지원청","전북특별자치도 전주시 완산구","S130001476","전주풍남초등학교","02","공립","N","","1","11","11","1","19","19","2","21","10.5","1","17","17","1","20","20","1","20","20","1","5","5","0","0","0","8","113","14.1","10","11.3"
"전북특별자치도교육청","전북특별자치도전주교육지원청","전북특별자치도 전주시 완산구","S130001477","전주한들초등학교","02","공립","N","","5","94","18.8","5","101","20.2","7","132","18.9","6","148","24.7","5","127","25.4","6","155","25.8","0","0","0","0","0","0","34","757","22.3","44","17.2"
"전북특별자치도교육청","전북특별자치도전주교육지원청","전북특별자치도 전주시 완산구","S130001478","전주화산초등학교","02","공립","N","","6","119","19.8","5","99","19.8","6","133","22.2","6","141","23.5","6","139","23.2","5","120","24","1","4","4","0","0","0","35","755","21.6","45","16.8"
"전북특별자치도교육청","전북특별자치도전주교육지원청","전북특별자치도 전주시 완산구","S130001479","전주효림초등학교","02","공립","N","","3","41","13.7","2","39","19.5","3","45","15","3","59","19.7","2","48","24","3","62","20.7","1","3","3","0","0","0","17","297","17.5","21","14.1"
"전북특별자치도교육청","전북특별자치도전주교육지원청","전북특별자치도 전주시 완산구","S130001480","전주효문초등학교","02","공립","N","","3","42","14","2","23","11.5","2","21","10.5","2","39","19.5","2","49","24.5","2","28","14","1","6","6","0","0","0","14","208","14.9","17","12.2"
"전북특별자치도교육청","전북특별자치도전주교육지원청","전북특별자치도 전주시 완산구","S130001481","전주효자초등학교","02","공립","N","","1","4","4","1","16","16","1","13","13","1","18","18","1","20","20","1","24","24","0","0","0","0","0","0","6","95","15.8","8","11.9"
"전북특별자치도교육청","전북특별자치도정읍교육지원청","전북특별자치도 정읍시","S130001604","감곡초등학교","02","공립","N","","1","1","1","1","1","1","1","4","4","1","4","4","1","3","3","1","5","5","0","0","0","0","0","0","6","18","3","7","2.6"
"전북특별자치도교육청","전북특별자치도정읍교육지원청","전북특별자치도 정읍시","S130001605","고부초등학교","02","공립","N","","1","6","6","1","4","4","1","1","1","1","5","5","1","4","4","1","4","4","1","3","3","0","0","0","7","27","3.9","9","3"
"전북특별자치도교육청","전북특별자치도정읍교육지원청","전북특별자치도 정읍시","S130001607","교암초등학교","02","공립","N","","1","5","5","1","6","6","1","7","7","1","7","7","1","8","8","1","13","13","1","5","5","0","0","0","7","51","7.3","8","6.4"
"전북특별자치도교육청","전북특별자치도정읍교육지원청","전북특별자치도 정읍시","S130001608","내장초등학교","02","공립","N","","0","0","0","1","10","10","1","8","8","1","7","7","1","10","10","1","13","13","1","5","5","0","0","0","6","53","8.8","7","7.6"
"전북특별자치도교육청","전북특별자치도정읍교육지원청","전북특별자치도 정읍시","S130001609","능교초등학교","02","공립","N","","1","1","1","1","1","1","1","1","1","1","0","0","1","1","1","1","5","5","1","3","3","0","0","0","7","12","1.7","8","1.5"
"전북특별자치도교육청","전북특별자치도정읍교육지원청","전북특별자치도 정읍시","S130001611","대흥초등학교","02","공립","N","","1","10","10","1","9","9","1","5","5","1","9","9","1","7","7","1","10","10","1","5","5","0","0","0","7","55","7.9","8","6.9"
"전북특별자치도교육청","전북특별자치도정읍교육지원청","전북특별자치도 정읍시","S130001612","덕천초등학교","02","공립","N","","1","4","4","1","5","5","1","6","6","1","3","3","1","8","8","1","9","9","1","6","6","0","0","0","7","41","5.9","8","5.1"
"전북특별자치도교육청","전북특별자치도정읍교육지원청","전북특별자치도 정읍시","S130001613","도학초등학교","02","공립","N","","0","0","0","0","0","0","0","0","0","1","3","3","0","0","0","1","3","3","0","0","0","0","0","0","2","6","3","3","2"
"전북특별자치도교육청","전북특별자치도정읍교육지원청","전북특별자치도 정읍시","S130001614","동신초등학교","02","공립","N","","5","79","15.8","5","95","19","5","90","18","5","118","23.6","5","117","23.4","4","96","24","1","6","6","0","0","0","30","601","20","36","16.7"
"전북특별자치도교육청","전북특별자치도정읍교육지원청","전북특별자치도 정읍시","S130001616","백암초등학교","02","공립","N","","1","3","3","1","4","4","0","0","0","0","0","0","1","4","4","1","6","6","1","6","6","0","0","0","5","23","4.6","7","3.3"
"전북특별자치도교육청","전북특별자치도정읍교육지원청","전북특별자치도 정읍시","S130001618","보성초등학교","02","공립","N","","0","0","0","1","9","9","1","6","6","1","8","8","0","0","0","1","6","6","1","4","4","0","0","0","5","33","6.6","7","4.7"
"전북특별자치도교육청","전북특별자치도정읍교육지원청","전북특별자치도 정읍시","S130001619","북면초등학교","02","공립","N","","1","8","8","1","7","7","1","12","12","1","9","9","1","17","17","1","8","8","1","1","1","0","0","0","7","62","8.9","8","7.8"
"전북특별자치도교육청","전북특별자치도정읍교육지원청","전북특별자치도 정읍시","S130001620","산외초등학교","02","공립","N","","1","4","4","1","2","2","1","2","2","1","4","4","1","6","6","1","2","2","1","1","1","0","0","0","7","21","3","9","2.3"
"전북특별자치도교육청","전북특별자치도정읍교육지원청","전북특별자치도 정읍시","S130001622","서신초등학교","02","공립","N","","1","6","6","1","7","7","1","6","6","0","0","0","1","3","3","1","5","5","1","3","3","0","0","0","6","30","5","8","3.8"
"전북특별자치도교육청","전북특별자치도정읍교육지원청","전북특별자치도 정읍시","S130001623","소성초등학교","02","공립","N","","1","2","2","0","0","0","1","3","3","1","6","6","1","2","2","1","4","4","0","0","0","0","0","0","5","17","3.4","8","2.1"
"전북특별자치도교육청","전북특별자치도정읍교육지원청","전북특별자치도 정읍시","S130001624","수곡초등학교","02","공립","N","","1","5","5","1","4","4","1","9","9","1","7","7","1","11","11","1","4","4","1","4","4","0","0","0","7","44","6.3","8","5.5"
"전북특별자치도교육청","전북특별자치도정읍교육지원청","전북특별자치도 정읍시","S130001627","신태인초등학교","02","공립","N","","1","10","10","1","18","18","1","15","15","1","24","24","1","20","20","1","20","20","1","6","6","0","0","0","7","113","16.1","9","12.6"
"전북특별자치도교육청","전북특별자치도정읍교육지원청","전북특별자치도 정읍시","S130001629","영산초등학교","02","공립","N","","0","0","0","1","2","2","1","3","3","1","3","3","1","4","4","1","5","5","0","0","0","0","0","0","5","17","3.4","6","2.8"
"전북특별자치도교육청","전북특별자치도정읍교육지원청","전북특별자치도 정읍시","S130001630","영원초등학교","02","공립","N","","1","1","1","1","3","3","1","2","2","1","1","1","1","4","4","1","7","7","0","0","0","0","0","0","6","18","3","7","2.6"
"전북특별자치도교육청","전북특별자치도정읍교육지원청","전북특별자치도 정읍시","S130001632","옹동초등학교","02","공립","N","","1","5","5","1","2","2","1","3","3","1","1","1","1","5","5","1","1","1","0","0","0","0","0","0","6","17","2.8","7","2.4"
"전북특별자치도교육청","전북특별자치도정읍교육지원청","전북특별자치도 정읍시","S130001636","이평초등학교","02","공립","N","","1","2","2","1","4","4","1","5","5","1","5","5","1","6","6","1","3","3","1","2","2","0","0","0","7","27","3.9","8","3.4"
"전북특별자치도교육청","전북특별자치도정읍교육지원청","전북특별자치도 정읍시","S130001637","입암초등학교","02","공립","N","","1","7","7","0","0","0","1","4","4","1","5","5","1","4","4","1","2","2","1","4","4","0","0","0","6","26","4.3","7","3.7"
"전북특별자치도교육청","전북특별자치도정읍교육지원청","전북특별자치도 정읍시","S130001638","정남초등학교","02","공립","N","","1","4","4","0","0","0","1","1","1","1","3","3","1","4","4","1","4","4","0","0","0","0","0","0","5","16","3.2","7","2.3"
"전북특별자치도교육청","전북특별자치도정읍교육지원청","전북특별자치도 정읍시","S130001639","정우초등학교","02","공립","N","","1","7","7","1","3","3","1","7","7","1","8","8","1","8","8","1","11","11","1","6","6","0","0","0","7","50","7.1","8","6.3"
"전북특별자치도교육청","전북특별자치도정읍교육지원청","전북특별자치도 정읍시","S130001640","정읍남초등학교","02","공립","N","","2","22","11","2","36","18","2","28","14","2","31","15.5","2","34","17","2","35","17.5","1","5","5","0","0","0","13","191","14.7","18","10.6"
"전북특별자치도교육청","전북특별자치도정읍교육지원청","전북특별자치도 정읍시","S130001641","정읍동초등학교","02","공립","N","","1","12","12","1","16","16","1","10","10","1","21","21","2","27","13.5","2","30","15","1","6","6","0","0","0","9","122","13.6","13","9.4"
"전북특별자치도교육청","전북특별자치도정읍교육지원청","전북특별자치도 정읍시","S130001642","정읍북초등학교","02","공립","N","","2","38","19","3","39","13","3","46","15.3","2","49","24.5","3","70","23.3","3","61","20.3","2","9","4.5","0","0","0","18","312","17.3","21","14.9"
"전북특별자치도교육청","전북특별자치도정읍교육지원청","전북특별자치도 정읍시","S130001643","정읍서초등학교","02","공립","N","","3","58","19.3","3","51","17","3","53","17.7","3","66","22","3","57","19","3","67","22.3","1","5","5","0","0","0","19","357","18.8","23","15.5"
"전북특별자치도교육청","전북특별자치도정읍교육지원청","전북특별자치도 정읍시","S130001644","정읍수성초등학교","02","공립","N","","2","26","13","2","30","15","3","39","13","2","47","23.5","2","33","16.5","2","38","19","2","8","4","0","0","0","15","221","14.7","17","13"
"전북특별자치도교육청","전북특별자치도정읍교육지원청","전북특별자치도 정읍시","S130001645","정일초등학교","02","공립","N","","1","6","6","0","0","0","1","7","7","1","5","5","1","12","12","1","7","7","1","4","4","0","0","0","6","41","6.8","7","5.9"
"전북특별자치도교육청","전북특별자치도정읍교육지원청","전북특별자치도 정읍시","S130001646","칠보초등학교","02","공립","N","","0","0","0","1","5","5","1","3","3","1","4","4","1","1","1","1","8","8","1","2","2","0","0","0","6","23","3.8","7","3.3"
"전북특별자치도교육청","전북특별자치도정읍교육지원청","전북특별자치도 정읍시","S130001647","태인초등학교","02","공립","N","","1","4","4","1","7","7","1","7","7","1","8","8","1","5","5","1","8","8","1","4","4","0","0","0","7","43","6.1","8","5.4"
"전북특별자치도교육청","전북특별자치도진안교육지원청","전북특별자치도 진안군","S130001721","동향초등학교","02","공립","N","","1","1","1","1","2","2","1","2","2","1","3","3","1","2","2","1","8","8","1","1","1","0","0","0","7","19","2.7","9","2.1"
"전북특별자치도교육청","전북특별자치도진안교육지원청","전북특별자치도 진안군","S130001722","마령초등학교","02","공립","N","","1","5","5","1","7","7","1","12","12","1","6","6","1","6","6","1","6","6","1","2","2","0","0","0","7","44","6.3","8","5.5"
"전북특별자치도교육청","전북특별자치도진안교육지원청","전북특별자치도 진안군","S130001723","백운초등학교","02","공립","N","","1","3","3","1","2","2","1","4","4","1","2","2","1","5","5","1","4","4","1","1","1","0","0","0","7","21","3","8","2.6"
"전북특별자치도교육청","전북특별자치도진안교육지원청","전북특별자치도 진안군","S130001724","부귀초등학교","02","공립","N","","1","8","8","1","6","6","1","11","11","1","5","5","1","10","10","1","8","8","0","0","0","0","0","0","6","48","8","7","6.9"
"전북특별자치도교육청","전북특별자치도진안교육지원청","전북특별자치도 진안군","S130001727","송풍초등학교","02","공립","N","","0","0","0","1","1","1","0","0","0","1","0","0","1","1","1","1","3","3","1","1","1","0","0","0","5","6","1.2","6","1"
"전북특별자치도교육청","전북특별자치도진안교육지원청","전북특별자치도 진안군","S130001728","안천초등학교","02","공립","N","","1","1","1","0","0","0","1","3","3","1","3","3","1","3","3","1","2","2","1","2","2","0","0","0","6","14","2.3","7","2"
"전북특별자치도교육청","전북특별자치도진안교육지원청","전북특별자치도 진안군","S130001730","오천초등학교","02","공립","N","","1","1","1","1","4","4","1","4","4","1","2","2","1","3","3","1","4","4","0","0","0","0","0","0","6","18","3","7","2.6"
"전북특별자치도교육청","전북특별자치도진안교육지원청","전북특별자치도 진안군","S130001731","외궁초등학교","02","공립","N","","1","1","1","1","3","3","1","2","2","0","0","0","1","3","3","1","5","5","1","2","2","0","0","0","6","16","2.7","7","2.3"
"전북특별자치도교육청","전북특별자치도진안교육지원청","전북특별자치도 진안군","S130001733","장승초등학교","02","공립","N","","1","15","15","1","14","14","1","15","15","1","8","8","1","11","11","1","9","9","0","0","0","0","0","0","6","72","12","8","9"
"전북특별자치도교육청","전북특별자치도진안교육지원청","전북특별자치도 진안군","S130001734","조림초등학교","02","공립","N","","1","6","6","1","5","5","1","9","9","1","5","5","1","9","9","1","3","3","0","0","0","0","0","0","6","37","6.2","7","5.3"
"전북특별자치도교육청","전북특별자치도진안교육지원청","전북특별자치도 진안군","S130001737","주천초등학교","02","공립","N","","0","0","0","1","1","1","1","3","3","1","2","2","1","2","2","1","1","1","1","1","1","0","0","0","6","10","1.7","8","1.3"
"전북특별자치도교육청","전북특별자치도진안교육지원청","전북특별자치도 진안군","S130001741","진안중앙초등학교","02","공립","N","","1","7","7","2","23","11.5","1","14","14","1","22","22","2","27","13.5","2","27","13.5","1","1","1","0","0","0","10","121","12.1","13","9.3"
"전북특별자치도교육청","전북특별자치도진안교육지원청","전북특별자치도 진안군","S130001742","진안초등학교","02","공립","N","","2","21","10.5","2","24","12","2","26","13","2","33","16.5","2","33","16.5","2","34","17","1","5","5","0","0","0","13","176","13.5","16","11"
"전북특별자치도교육청","전북특별자치도익산교육지원청","전북특별자치도 익산시","S130002454","익산궁동초등학교","02","공립","N","","5","89","17.8","5","85","17","6","105","17.5","4","94","23.5","4","99","24.8","4","95","23.8","0","0","0","0","0","0","28","567","20.3","34","16.7"
"전북특별자치도교육청","전북특별자치도정읍교육지원청","전북특별자치도 정읍시","S130002462","정읍초등학교","02","공립","N","","2","28","14","2","22","11","2","36","18","2","31","15.5","2","46","23","2","38","19","1","5","5","0","0","0","13","206","15.8","15","13.7"
"전북특별자치도교육청","전북특별자치도전주교육지원청","전북특별자치도 전주시 완산구","S130002463","전주여울초등학교","02","공립","N","","3","48","16","3","60","20","4","65","16.3","3","79","26.3","4","99","24.8","4","97","24.3","1","6","6","0","0","0","22","454","20.6","26","17.5"
"전북특별자치도교육청","전북특별자치도전주교육지원청","전북특별자치도 전주시 덕진구","S130002468","전주용소초등학교","02","공립","N","","3","45","15","3","58","19.3","4","66","16.5","3","71","23.7","4","84","21","3","57","19","1","5","5","0","0","0","21","386","18.4","26","14.8"
"전북특별자치도교육청","전북특별자치도전주교육지원청","전북특별자치도 전주시 완산구","S130002478","전주대정초등학교","02","공립","N","","5","88","17.6","6","106","17.7","7","128","18.3","6","139","23.2","5","117","23.4","6","140","23.3","1","5","5","0","0","0","36","723","20.1","44","16.4"
"전북특별자치도교육청","전북특별자치도전주교육지원청","전북특별자치도 전주시 완산구","S130002479","전주용와초등학교","02","공립","N","","2","30","15","3","52","17.3","3","55","18.3","3","54","18","3","81","27","3","58","19.3","2","9","4.5","0","0","0","19","339","17.8","24","14.1"
"전북특별자치도교육청","전북특별자치도군산교육지원청","전북특별자치도 군산시","S130002498","군산미성초등학교","02","공립","N","","1","11","11","1","7","7","1","15","15","1","10","10","1","12","12","1","16","16","1","6","6","0","0","0","7","77","11","8","9.6"
"전북특별자치도교육청","전북특별자치도군산교육지원청","전북특별자치도 군산시","S130002499","군산진포초등학교","02","공립","N","","3","61","20.3","3","61","20.3","5","92","18.4","4","91","22.8","4","100","25","5","114","22.8","0","0","0","0","0","0","24","519","21.6","29","17.9"
"전북특별자치도교육청","전북특별자치도익산교육지원청","전북특별자치도 익산시","S130002502","익산옥야초등학교","02","공립","N","","2","20","10","2","21","10.5","2","23","11.5","2","27","13.5","1","26","26","2","37","18.5","1","4","4","0","0","0","12","158","13.2","15","10.5"
"전북특별자치도교육청","전북특별자치도전주교육지원청","전북특별자치도 전주시 덕진구","S130002506","전주만수초등학교","02","공립","N","","4","69","17.3","4","67","16.8","4","75","18.8","4","105","26.3","4","101","25.3","5","111","22.2","1","5","5","0","0","0","26","533","20.5","33","16.2"
"전북특별자치도교육청","전북특별자치도전주교육지원청","전북특별자치도 전주시 덕진구","S130002507","전주오송초등학교","02","공립","N","","7","116","16.6","6","108","18","7","119","17","6","158","26.3","7","177","25.3","7","169","24.1","2","12","6","0","0","0","42","859","20.5","53","16.2"
"전북특별자치도교육청","전북특별자치도익산교육지원청","전북특별자치도 익산시","S130002542","익산한벌초등학교","02","공립","N","","4","65","16.3","3","53","17.7","4","76","19","4","85","21.3","4","85","21.3","4","86","21.5","1","4","4","0","0","0","24","454","18.9","30","15.1"
"전북특별자치도교육청","전북특별자치도정읍교육지원청","전북특별자치도 정읍시","S130002543","한솔초등학교","02","공립","N","","6","113","18.8","5","98","19.6","6","117","19.5","6","141","23.5","6","137","22.8","5","130","26","1","6","6","0","0","0","35","742","21.2","47","15.8"
"전북특별자치도교육청","전북특별자치도전주교육지원청","전북특별자치도 전주시 완산구","S130002572","전주문학초등학교","02","공립","N","","3","59","19.7","5","86","17.2","5","97","19.4","5","105","21","4","93","23.3","5","128","25.6","1","6","6","0","0","0","28","574","20.5","38","15.1"
"전북특별자치도교육청","전북특별자치도전주교육지원청","전북특별자치도 전주시 완산구","S130002573","전주우림초등학교","02","공립","N","","2","31","15.5","2","36","18","3","53","17.7","3","62","20.7","3","63","21","3","61","20.3","1","6","6","0","0","0","17","312","18.4","22","14.2"
"전북특별자치도교육청","전북특별자치도군산교육지원청","전북특별자치도 군산시","S130002582","군산미장초등학교","02","공립","N","","5","90","18","6","105","17.5","7","134","19.1","5","118","23.6","7","178","25.4","7","169","24.1","0","0","0","0","0","0","37","794","21.5","48","16.5"
"전북특별자치도교육청","전북특별자치도군산교육지원청","전북특별자치도 군산시","S130002606","군산푸른솔초등학교","02","공립","N","","4","66","16.5","3","54","18","5","83","16.6","4","98","24.5","4","97","24.3","5","126","25.2","1","5","5","0","0","0","26","529","20.3","31","17.1"
"전북특별자치도교육청","전북특별자치도군산교육지원청","전북특별자치도 군산시","S130002673","군산아리울초등학교","02","공립","N","","4","63","15.8","4","75","18.8","5","87","17.4","5","109","21.8","5","115","23","5","121","24.2","1","5","5","0","0","0","29","575","19.8","34","16.9"
"전북특별자치도교육청","전북특별자치도군산교육지원청","전북특별자치도 군산시","S130002690","새만금초등학교","02","공립","N","","1","7","7","1","10","10","1","12","12","1","13","13","1","16","16","1","14","14","1","2","2","0","0","0","7","74","10.6","10","7.4"
"전북특별자치도교육청","전북특별자치도전주교육지원청","전북특별자치도 전주시 덕진구","S130002714","전주온빛초등학교","02","공립","N","","9","166","18.4","10","186","18.6","8","216","27","9","231","25.7","10","260","26","11","292","26.5","1","5","5","0","0","0","58","1356","23.4","71","19.1"
"전북특별자치도교육청","전북특별자치도전주교육지원청","전북특별자치도 전주시 완산구","S130002725","전주홍산초등학교","02","공립","N","","2","34","17","2","33","16.5","3","42","14","2","51","25.5","2","52","26","2","51","25.5","1","7","7","0","0","0","14","270","19.3","18","15"
"전북특별자치도교육청","전북특별자치도전주교육지원청","전북특별자치도 전주시 덕진구","S130002732","전주양현초등학교","02","공립","N","","11","211","19.2","13","246","18.9","9","236","26.2","10","260","26","10","258","25.8","9","223","24.8","2","12","6","0","0","0","64","1446","22.6","77","18.8"
"전북특별자치도교육청","전북특별자치도익산교육지원청","전북특별자치도 익산시","S130002735","익산가온초등학교","02","공립","N","","5","82","16.4","6","113","18.8","6","119","19.8","6","152","25.3","5","119","23.8","6","145","24.2","1","6","6","0","0","0","35","736","21","46","16"
"전북특별자치도교육청","전북특별자치도전주교육지원청","전북특별자치도 전주시 완산구","S130002737","전주새연초등학교","02","공립","N","","4","74","18.5","4","83","20.8","5","85","17","4","104","26","5","110","22","4","103","25.8","0","0","0","0","0","0","26","559","21.5","31","18"
"전북특별자치도교육청","전북특별자치도전주교육지원청","전북특별자치도 전주시 덕진구","S130002738","전주하가초등학교","02","공립","N","","6","106","17.7","8","152","19","6","115","19.2","6","141","23.5","6","150","25","6","134","22.3","2","9","4.5","0","0","0","40","807","20.2","50","16.1"
"전북특별자치도교육청","전북특별자치도전주교육지원청","전북특별자치도 전주시 완산구","S130002745","전주효천초등학교","02","공립","N","","10","230","23","9","245","27.2","11","287","26.1","10","261","26.1","10","260","26","9","224","24.9","2","12","6","0","0","0","61","1519","24.9","72","21.1"
"전북특별자치도교육청","전북특별자치도전주교육지원청","전북특별자치도 전주시 덕진구","S130002748","전주화정초등학교","02","공립","N","","9","192","21.3","9","209","23.2","11","284","25.8","12","312","26","11","285","25.9","10","264","26.4","1","5","5","0","0","0","63","1551","24.6","80","19.4"
"전북특별자치도교육청","전북특별자치도전주교육지원청","전북특별자치도 전주시 덕진구","S130002771","전주자연초등학교","02","공립","N","","9","233","25.9","10","255","25.5","10","263","26.3","12","327","27.3","11","279","25.4","10","274","27.4","1","7","7","0","0","0","63","1638","26","80","20.5"
"전북특별자치도교육청","전북특별자치도군산교육지원청","전북특별자치도 군산시","S130002788","군산금빛초등학교","02","공립","N","","11","259","23.5","12","286","23.8","11","274","24.9","10","270","27","9","234","26","7","184","26.3","1","6","6","0","0","0","61","1513","24.8","76","19.9"